,rank,pic_href,title,tname,link
0,1,http://i2.hdslb.com/bfs/archive/20a08cd734757e39f3902f3fff7b1e0669b82045.jpg,你出现在我诗的每一页,搞笑,https://b23.tv/BV1H84y1D7ti
1,2,http://i2.hdslb.com/bfs/archive/d93da48d8a74d22ad74003ed2e8a840482b10f40.jpg,今日，我虽死，（                        ）！！！！！,鬼畜剧场,https://b23.tv/BV1DV411A7Ck
2,3,http://i1.hdslb.com/bfs/archive/158a493c0d4087d45701b3ce3d64bba55cd04200.jpg,【原神HoYoFair】时代… 变了？,MMD·3D,https://b23.tv/BV1Uh4y1A7Um
3,4,http://i2.hdslb.com/bfs/archive/ffe1c7f8365736512615e3566957c158c19e6acf.jpg,那些出了省就乱来的美食！,搞笑,https://b23.tv/BV1d94y1p7zB
4,5,http://i0.hdslb.com/bfs/archive/e0d1ac680a711380be20b110e8fec705dc0d6e93.jpg,《崩坏3》第二部预告,手机游戏,https://b23.tv/BV1oy4y1F75C
5,6,http://i0.hdslb.com/bfs/archive/36ef2451e660efbb6d83e230acbc4029ff85e9d7.jpg,同⚡步⚡成⚡功,手势·网红舞,https://b23.tv/BV1zu411g7Xz
6,7,http://i2.hdslb.com/bfs/archive/37ef0da3050f072ef9ff8871a93406da50dcbbc5.jpg,我求婚了，但是……,日常,https://b23.tv/BV1Y34y1A7R1
7,8,http://i1.hdslb.com/bfs/archive/8b6ae8e26c3d2dd7ea4318291c58fd163df9b268.jpg,面对英国队的惊艳表现，中国队三朵金花上演无敌风火轮，强势摘金,竞技体育,https://b23.tv/BV1TV411A7LC
8,9,http://i1.hdslb.com/bfs/archive/ba8702e0c6a4e745021b4ef17b116600b9615ba9.jpg,鉴定咬伤粉丝的毒蛇(2)老人自述被五步蛇咬伤！但其实并不是？应该用什么血清？,科学科普,https://b23.tv/BV1fh4y1h7z3
9,10,http://i1.hdslb.com/bfs/archive/0dd6bd8670d54e8c459f2e53b0a2e023bcf57174.jpg,见鬼 我浪费了三个月去画一块破石头,绘画,https://b23.tv/BV1rz4y1V7D3
10,11,http://i0.hdslb.com/bfs/archive/92c158987803f78222f04180d447d4017950a0cf.jpg,“小塔乔”的资产有多少？【奇葩小国49】,人文历史,https://b23.tv/BV1Wz4y1L7zE
11,12,http://i0.hdslb.com/bfs/archive/2de1e525bc1e2bf8e19e248b123eb81cfe27974c.jpg,总有一天大马士革的玫瑰，会在叙利亚重新绽放,日常,https://b23.tv/BV1jk4y1c7GZ
12,13,http://i2.hdslb.com/bfs/archive/bff030a24f65d8d759d71df4f2ca53b381794b92.jpg,我大概一辈子不会忘记这部动画了......【泛式】,动漫杂谈,https://b23.tv/BV1C94y1p7yk
13,14,http://i1.hdslb.com/bfs/archive/dd3b3d646e2058998df29dbf948662d945306ae2.jpg,以假乱真的“假包菜” 你见过吗？,科学科普,https://b23.tv/BV1Qu4y1z7WB
14,15,http://i2.hdslb.com/bfs/archive/be51e626ffaa75fb1ddebd8e00eaa28f25bfe158.jpg,仅此一枚的胜机【水无月菌】,桌游棋牌,https://b23.tv/BV1e8411y7ps
15,16,http://i1.hdslb.com/bfs/archive/31be2983af127f09cf541a217480cc4377f27c27.jpg,从零开始当校长！！！！,单机游戏,https://b23.tv/BV1Mj41187zV
16,17,http://i2.hdslb.com/bfs/archive/23245ff38c7f7c3111799c6cabc645cda1fa1709.jpg,就算步子乱了又如何，接着跳下去就好了，高分经典《闻香识女人》,影视杂谈,https://b23.tv/BV1rH4y1m7bC
17,18,http://i1.hdslb.com/bfs/archive/67601fac9b10375229c736ac52e2794c34b5efaa.jpg,如果没了中秋甚至春节 我们会变成什么样呢？,出行,https://b23.tv/BV1xN411H73u
18,19,http://i2.hdslb.com/bfs/archive/b9890944260aa95d3850f788e6e27e537ec4133e.jpg,【摩斯神探】超燃打斗，影史最励志的拳击片之一，拳王《奎迪》的诞生,影视杂谈,https://b23.tv/BV1BH4y1S7rK
19,20,http://i2.hdslb.com/bfs/archive/bd7aa6812ce268034544eb3e8215b118025af171.jpg,数数我们床一共有几根脚趾头？,搞笑,https://b23.tv/BV1zm4y157Z5
20,21,http://i0.hdslb.com/bfs/archive/180de323803e06a06a0ddd0c8411e418b89d837d.jpg,我写了一首歌，送给所有女生的《初潮》,原创音乐,https://b23.tv/BV17p4y1P7G5
21,22,http://i2.hdslb.com/bfs/archive/45dfc7656140db1c7803e67d5707893274f23b56.jpg,来个解压的~,改装玩车,https://b23.tv/BV1aj411k7WJ
22,23,http://i0.hdslb.com/bfs/archive/370751873c40e1fac79202bab73f136d4a6b3afc.jpg,男人才懂本视频的含金量,手机游戏,https://b23.tv/BV1J94y1a7NA
23,24,http://i2.hdslb.com/bfs/archive/d01f582c0bb22854ad6eb3a7b10e4c16664fbfb1.jpg,挑战！给130位师生做一顿饭！今天这条视频可是你和我一起完成的哦~,美食制作,https://b23.tv/BV1kp4y1w7gY
24,25,http://i2.hdslb.com/bfs/archive/b05e45990ecf997967a3503e1507ff6a25772194.jpg,短短500抽，主播送出上千块钱还感觉像在做梦！,手机游戏,https://b23.tv/BV1jP411b7p6
25,26,http://i1.hdslb.com/bfs/archive/db88d1972492749a301430c2d82ddfca2e589663.jpg,普通出身，如何最大限度“利用”大学？【学生请一定看完！】,校园学习,https://b23.tv/BV1XH4y1S7vn
26,27,http://i2.hdslb.com/bfs/archive/7a1b4c0b851209b7535c0a5edc9bd3f8e808f11a.jpg,原来这世界上真的有侠客！,综合,https://b23.tv/BV1qj411k7PT
27,28,http://i1.hdslb.com/bfs/archive/afd1cdca356cf605f75bd2080c1a4b3a02f856f6.jpg,【亚运会】吴艳妮招牌动作的秘密,健身,https://b23.tv/BV1Zw411e7M2
28,29,http://i2.hdslb.com/bfs/archive/6e8a0232130e3a1752c92d29a8e102ea5e849a9f.jpg,真精彩。,小剧场,https://b23.tv/BV18H4y1m7Q6
29,30,http://i0.hdslb.com/bfs/archive/3590ba2a6a66cfec9718f736bb86bfabb1b2237c.jpg,谁说我们玩帅的不带武警？,日常,https://b23.tv/BV1Tj411C7Xf
30,31,http://i2.hdslb.com/bfs/archive/0ee833a8775ebb364bf90cfd217196339e362335.jpg,江西|国风仙境,日常,https://b23.tv/BV1oy4y1F7KD
31,32,http://i1.hdslb.com/bfs/archive/7d64a5f04b0cb0e0f44eb50d715869b31faa68ef.jpg,审视自己。,搞笑,https://b23.tv/BV1gw411v74Q
32,33,http://i2.hdslb.com/bfs/archive/789c281da44ca940c20cbcbc2240253f60c066d1.jpg,我的发，他们也曾叫我King！,三农,https://b23.tv/BV1X94y1p7bo
33,34,http://i0.hdslb.com/bfs/archive/45312c22db8523da54112d8ab0ab98f2739394eb.jpg,慎入！高速摄影机拍挤痘痘，酸爽溢出屏幕！,科学科普,https://b23.tv/BV16N411H7tZ
34,35,http://i1.hdslb.com/bfs/archive/eb77357a967974671fac8d6e87232ab2b03e8edb.jpg,所以现在找女朋友要挨刀是吗,搞笑,https://b23.tv/BV1gh4y1Y7sK
35,36,http://i1.hdslb.com/bfs/archive/d9cc0a97521880743eec222b174d15828b5a3879.jpg,【原神HoYoFair】 浮生若有归,短片·手书,https://b23.tv/BV1EK4y1F7fE
36,37,http://i2.hdslb.com/bfs/archive/39063028e320c4e69c64d1241ddf71d5d9fbdb35.jpg,万字详拆芯片：人类算力被锁死了吗？,科学科普,https://b23.tv/BV1Ap4y1w7a9
37,38,http://i1.hdslb.com/bfs/archive/b125224abbef3e356d416cc16c51c2478eb7d67b.jpg,真实故事改编，听我的别来挑战自己，泪点低的千万不要看,影视杂谈,https://b23.tv/BV1qw41127xG
38,39,http://i2.hdslb.com/bfs/archive/709d39cca9b4caf2b3530d52e76b26959008745e.jpg,火了300多年的玩意儿，吃起来居然这么上头？！,美食制作,https://b23.tv/BV1YN411H7zF
39,40,http://i0.hdslb.com/bfs/archive/6af6cf6b35fde4ec5f743062a1a11a4a7f9eaced.jpg,教00后90后生活之各类鞋子怎么刷！,科学科普,https://b23.tv/BV1Gp4y1w7dE
40,41,http://i2.hdslb.com/bfs/archive/e261fa214c61972db5c66c08c1874bfea5744219.jpg,用一种很新的方式打开愚人众,短片·手书,https://b23.tv/BV1ez4y1V7xY
41,42,http://i1.hdslb.com/bfs/archive/505d7c33881717a38705582b4704ce0f69bf1994.jpg,"当你在""社恐之国""芬兰搬进了一个芬兰人社区......",日常,https://b23.tv/BV1ej411k7Pv
42,43,http://i1.hdslb.com/bfs/archive/43405d57774fd93cd35a48aaf612debdf14f2003.jpg,这款游戏出现在21世纪还是太....,单机游戏,https://b23.tv/BV1p34y1A7hV
43,44,http://i1.hdslb.com/bfs/archive/78cd88f5bd68ebfc47d61719fc0717ef13663acd.jpg,技术在灵魂面前必输。,时尚潮流,https://b23.tv/BV1xN411H7B4
44,45,http://i0.hdslb.com/bfs/archive/d87dd4cea60e8b10564a6075176be36f6c57fd60.jpg,淋完这场雨，我就要忘记你咯！,搞笑,https://b23.tv/BV1sh4y1a7Gj
45,46,http://i1.hdslb.com/bfs/archive/11c68290eb4a4e9553d870dc81d30844ffe8d287.jpg,【动捕演员的日常】我是一个有坚持的乙方！甲方说改咱就改,单机游戏,https://b23.tv/BV1N34y1A7So
46,47,http://i1.hdslb.com/bfs/archive/f099225aaa2c7c968acce7ba29a773f4efefa4f7.jpg,这期视频我拍了整整七年….,日常,https://b23.tv/BV1294y1p7HV
47,48,http://i1.hdslb.com/bfs/archive/cf8121495fdfb9e217bf014ca5977bc81f198773.jpg,最强旅行防盗指南来了！让小偷无处下手！,出行,https://b23.tv/BV1dV411A79E
48,49,http://i0.hdslb.com/bfs/archive/e3d63e64d634a84adb00a6678f65006f69c9e769.jpg,我在云南深山采了2筐蘑菇，一筐有毒，另一筐也有毒…,美食侦探,https://b23.tv/BV1GF411m7nt
49,50,http://i1.hdslb.com/bfs/archive/cf8018f6aa7dc4209ab4e4dcabf53740912be197.jpg,逐帧拆解【间谍过家家】约尔VS黄昏，间谍过家家超燃格斗解析,动漫杂谈,https://b23.tv/BV1bp4y1w7DA
50,51,http://i2.hdslb.com/bfs/archive/91465b12639e8ad7ba472ebd3e70b58defa60883.jpg,我帮全村老人拍好了遗照（后续）,三农,https://b23.tv/BV1x94y1p7sR
51,52,http://i1.hdslb.com/bfs/archive/4747388a2ba899dcc8045b42ae9783fe66c795ed.jpg,我无法理解的是，这个小白猫是怎么跑到那么高的位置的,喵星人,https://b23.tv/BV1Yz4y1V76J
52,53,http://i1.hdslb.com/bfs/archive/ad6f8f0352c666216b8c6ad83c971d147e203d79.jpg,卫临：从来不打低端局，杀人只用半步棋【用卫临视角打开甄嬛传】,影视杂谈,https://b23.tv/BV1XH4y1S7ek
53,54,http://i1.hdslb.com/bfs/archive/3798abf4ec03578959d352d89156288c1d8e9575.jpg,17年前仅20MB容量的国产悬疑游戏竟领先国外！,单机游戏,https://b23.tv/BV1dP411b7Lm
54,55,http://i2.hdslb.com/bfs/archive/14c607b0a66e6c5eafd9087710c57867ad80fd3c.jpg,Queencard，但是渐变色！,明星舞蹈,https://b23.tv/BV1y8411y7P9
55,56,http://i0.hdslb.com/bfs/archive/a7e62439b1138fcdfeb1a4206a05579b23b759fb.jpg,他大概也在怀念吧,汪星人,https://b23.tv/BV1gp4y1w7YT
56,57,http://i0.hdslb.com/bfs/archive/5d3b960c06e51ef6ba999ff9d0727f69e0c35318.jpg,骑行阿富汗，塔利班士兵手持火箭筒欢送，狂奔120公里夜入喀布尔,出行,https://b23.tv/BV1Su4y1z7AM
57,58,http://i0.hdslb.com/bfs/archive/d60fcad27894479e8c9e7a063bd6d04335ddb1fb.jpg,84个国家收视冠军！海贼王漫改值得一看吗？《海贼王》P1,影视杂谈,https://b23.tv/BV1Pm4y1L72t
58,59,http://i1.hdslb.com/bfs/archive/7ad59cbd44e3f25d7d536168d8accc496e1c314c.jpg,【轰】我在娱乐圈拉洗拉料！,短片·手书,https://b23.tv/BV1nk4y1c7Ku
59,60,http://i0.hdslb.com/bfs/archive/98db273342ca6d5be888c09ee0392fe4d396d468.jpg,画画如此的简单，你还学不会？,绘画,https://b23.tv/BV1PP41187KW
60,61,http://i2.hdslb.com/bfs/archive/28d1d4356ea107c43496f6197bb060b51aff0159.jpg,无敌的我，又双叒回来了！,电子竞技,https://b23.tv/BV1Gj41187gr
61,62,http://i1.hdslb.com/bfs/archive/087f9eb8b817e687906178d14cd84bf9c8296532.jpg,咳嗯！现在插播一首「慈眉善目肯德基爷爷」为来自星穹列车的开拓者点播的歌曲！,日常,https://b23.tv/BV1by4y1F7nS
62,63,http://i1.hdslb.com/bfs/archive/5cc8a6c6ff1e78396c555da50e0b89f95f62182e.jpg,来深圳打工两个月后，我才知道：“人不仅仅是要活着…”,日常,https://b23.tv/BV1Q84y1S7Gk
63,64,http://i0.hdslb.com/bfs/archive/3b4cb489394e2cee64878e03d6676954a6d822a1.jpg,HoYoFair2023原神同人特别节目「超骇之旅：数据之渊」,综合,https://b23.tv/BV1cm4y1L7Nk
64,65,http://i1.hdslb.com/bfs/archive/32588dd99c02d8c105b4729fd1488160eb4e694a.jpg,这玩意凭什么火了1900年？？？！！！,手工,https://b23.tv/BV15u411w7Mi
65,66,http://i1.hdslb.com/bfs/archive/02d953ba122c00ce9e54e424928b742b5026b8f6.jpg,医生：交给我，我保证让她活下来！,搞笑,https://b23.tv/BV1F34y1N7GN
66,67,http://i2.hdslb.com/bfs/archive/ee6cdfa0b6f541b8569e1f8a96df6f30e6fa99c3.jpg,中东混血留学生成功驯服凶猛眼镜蛇的珍贵视频,日常,https://b23.tv/BV1rm4y1N76c
67,68,http://i2.hdslb.com/bfs/archive/c1602ac696bfe63364414a49b530976bee37369c.jpg,“释小龙”大战师尊,小剧场,https://b23.tv/BV1i84y1S7g1
68,69,http://i0.hdslb.com/bfs/archive/be00801d12fdcadc0b0767d74d21abde45f7c641.jpg,穷组100欧，富组5000欧！把同事送去土耳其，拍摄挑战难度再升级！,日常,https://b23.tv/BV1994y1p768
69,70,http://i1.hdslb.com/bfs/archive/130765a94092de326622dfdcee7cf2e4cfbc9a14.jpg,近年来最好的韩国电影《燃烧》：年轻人为何愤怒？,影视杂谈,https://b23.tv/BV1d94y1p7dn
70,71,http://i0.hdslb.com/bfs/archive/8c8fcb411d46e89080ed7c11bd6369e21597692d.jpg,过年过节回村说的话，后劲真大,搞笑,https://b23.tv/BV1ZV411A7Us
71,72,http://i1.hdslb.com/bfs/archive/fbe91f8ca2fec9e2d1ab07ba586ce6c696bc1862.jpg,《原神》那维莱特角色PV——「水中之眼」,手机游戏,https://b23.tv/BV1iP411b7fH
72,73,http://i1.hdslb.com/bfs/archive/c66f6ddffd507297a24f61d97dd87677b3c9e4e4.jpg,“以前的花絮是真花絮，现在的花絮都开始演了”,影视剪辑,https://b23.tv/BV1v94y1p7zb
73,74,http://i2.hdslb.com/bfs/archive/935dc6f9927fecebef51361de1ddb5b0742e90cb.jpg,上厕所被白猫砸进了医院，大家以我为戒,喵星人,https://b23.tv/BV1E94y1a7NQ
74,75,http://i2.hdslb.com/bfs/archive/1ee780f11244ad4a7ef0dd76684c684a69841fb9.jpg,当妈妈进二次元儿子房间（五）：,搞笑,https://b23.tv/BV1mH4y1m743
75,76,http://i0.hdslb.com/bfs/archive/af6186d9a02cddb8e2b17730bf80fbc9e467d301.jpg,设定上我是个经常需要戴帽子的角色,小剧场,https://b23.tv/BV1Ly4y1F7P9
76,77,http://i1.hdslb.com/bfs/archive/77c487aad2138594ca17d3f0b2364a5115636466.jpg,【你以为的俯冲攻击 VS 现实中的俯冲攻击】 战斗机正确的俯冲攻击是什么样的？,科工机械,https://b23.tv/BV1Gj411C7RN
77,78,http://i1.hdslb.com/bfs/archive/4292ef84b37fe266cf5263059c1a3fb095ae7db0.jpg,3秒学会绑钩/,日常,https://b23.tv/BV1gV411A7sy
78,79,http://i0.hdslb.com/bfs/archive/539df6c1771d50026b00545c7823bf764f4a510a.jpg,穿越成了千金大小姐，可女主带着重生的记忆和我杠上了【女主你别靠近】,国产原创相关,https://b23.tv/BV1vh4y1a7C5
79,80,http://i1.hdslb.com/bfs/archive/70dab4d5a7340b0684f65806cf4f68bf2c2d2544.jpg,当我向别人推荐自己喜欢的电视剧时……,搞笑,https://b23.tv/BV1YK4y1w78E
80,81,http://i1.hdslb.com/bfs/archive/77fb4c218b7c0ae26b7c1207c752b1671d29c6d6.jpg,米哈游：就你小子一天天这么二创是吧？？,GMV,https://b23.tv/BV1G8411v7U4
81,82,http://i1.hdslb.com/bfs/archive/2c82c7c1b748d0c063a8d21282e6267889caaa4b.jpg,真可爱,网络游戏,https://b23.tv/BV1e84y1S7EV
82,83,http://i2.hdslb.com/bfs/archive/ac5a6e43397c473d7f5907d0998c6287374fdba3.jpg,100斤榴莲做的榴莲万层，怎么好像不太受欢迎,美食侦探,https://b23.tv/BV1rp4y1w7y6
83,84,http://i1.hdslb.com/bfs/archive/b8c99cf4e6265a10376f5df96e6cfc7055cd6535.jpg,人人都说三玖是自己的，可谁不希望风太郎选择的是三玖呢！三玖丨五等分的新娘丨补番推荐,动漫杂谈,https://b23.tv/BV1B94y1p76W
84,85,http://i1.hdslb.com/bfs/archive/8dddc48a3da9e85bccdd9cf0e2162314ed349a5d.jpg,不是每次AA都是平A,小剧场,https://b23.tv/BV1ij411k7S3
85,86,http://i1.hdslb.com/bfs/archive/c59a66b5d648d9268d69ad7b583d854ab97f3ffd.jpg,《未定事件簿》「最后的龙息」活动PV：宿命异途，墟境哀歌,手机游戏,https://b23.tv/BV1du4y1z7Sr
86,87,http://i2.hdslb.com/bfs/archive/f2814b787c076254c52ddb741b4f4ed68f8f294b.jpg,《鹊刀门传奇》大结局来了！酣畅淋漓，令人回味无穷！,影视杂谈,https://b23.tv/BV1Mw411m7YE
87,88,http://i0.hdslb.com/bfs/archive/eedca92e5f6ce959730b532de084b6ed865684c8.jpg,伍佰郑州演唱会话筒不拿了，吉他也不背了，风扇一开他开始指挥了！,音乐现场,https://b23.tv/BV1r94y1p7Qf
88,89,http://i0.hdslb.com/bfs/archive/c966db3dca6126c0c65b3b7bb8f51e14930dd933.jpg,三月七同行，揭晓开服伏笔？符玄与古文，星空的诗意！,手机游戏,https://b23.tv/BV1uh4y1Y7GQ
89,90,http://i1.hdslb.com/bfs/archive/ffc8e9a4a428b02072058bf44da949ba3179a944.jpg,美国警察把痔疮当毒品，猛掏三分钟！【阅片无数3rd 10】,搞笑,https://b23.tv/BV1kk4y1F7Hd
90,91,http://i0.hdslb.com/bfs/archive/ac2578d8aff3f84b2b466875d80420c37d37a514.jpg,影视飓风的iPhone评测是这样拍的。。。,野生技能协会,https://b23.tv/BV1Fw411v7q7
91,92,http://i1.hdslb.com/bfs/archive/fb6ecb5fe8d4d9a2b1da263192bbeac192b8b123.jpg,瘦了28斤的减重心法，兄弟们我真的全盘托出了！,日常,https://b23.tv/BV1ry4y1F7Ek
92,93,http://i1.hdslb.com/bfs/archive/bbb5173f96187ab128a8ecdff66cb7272f0dea6e.jpg,向女儿奔来的妈妈,绘画,https://b23.tv/BV1Yy4y1F7YT
93,94,http://i2.hdslb.com/bfs/archive/954bbfc749d5910bbbd2da0ccf00126b19b57e28.jpg,【乐队的夏天3】瓦依那X任素汐《大梦》直击心灵的歌声 谁能忍住不落泪？,音乐现场,https://b23.tv/BV1Lj411C7Z7
94,95,http://i2.hdslb.com/bfs/archive/3a42c80ff60b70a72d7fb6252d960478ba2d690e.jpg,39首连跳！十分钟带你看完十年舞蹈区~刻进DNA的经典你看过几首？,舞蹈综合,https://b23.tv/BV1s8411v7i6
95,96,http://i0.hdslb.com/bfs/archive/09905a79033146bb2343712b430748862ba65bec.jpg,游戏史上最伟大的救赎！7年免费更新彻底逆转口碑！,单机游戏,https://b23.tv/BV1pF411S74t
96,97,http://i0.hdslb.com/bfs/archive/318422cddf3027c4da7b1fce03eaa2fda04d39be.jpg,“百变老樱”申请出战！,搞笑,https://b23.tv/BV1cu4y1675R
97,98,http://i0.hdslb.com/bfs/archive/4077a47d2bd46ccec86e3229b14b0e3465bba803.jpg,【断网补全计划16】狗提线原理，花西币，接受礼物不等于我同意，他们都叫我king，魔法对轰，小孩哥，刘德华为什么很少演反派，金色维也纳大厅，百闺去世，高蔡生,搞笑,https://b23.tv/BV1km4y1579y
98,99,http://i2.hdslb.com/bfs/archive/83b0c36f8600a54c5855103f5857205c90e44e6c.jpg,我，结婚啦！,日常,https://b23.tv/BV19V411A7kx
99,100,http://i1.hdslb.com/bfs/archive/b55cdb5d0e59cbfdc6bb82df68b3081cfc346428.jpg,啊？？遥遥领先？？我服了……华为mate 60 pro，无敌于世间,数码,https://b23.tv/BV13P411h7u1
