,rank_pic_href,title,link
0,https://simg.s.weibo.com/20180205110043_img_search_stick%403x.png,曾在杭州工作6年的习近平这样介绍杭州,https://m.weibo.cn/search?containerid=100103type%3D1%26t%3D10%26q%3D%23%E6%9B%BE%E5%9C%A8%E6%9D%AD%E5%B7%9E%E5%B7%A5%E4%BD%9C6%E5%B9%B4%E7%9A%84%E4%B9%A0%E8%BF%91%E5%B9%B3%E8%BF%99%E6%A0%B7%E4%BB%8B%E7%BB%8D%E6%9D%AD%E5%B7%9E%23&stream_entry_id=51&isnewpage=1&extparam=seat%3D1%26cate%3D10103%26dgr%3D0%26pos%3D0%26stream_entry_id%3D51%26c_type%3D51%26filter_type%3Drealtimehot%26q%3D%2523%25E6%259B%25BE%25E5%259C%25A8%25E6%259D%25AD%25E5%25B7%259E%25E5%25B7%25A5%25E4%25BD%259C6%25E5%25B9%25B4%25E7%259A%2584%25E4%25B9%25A0%25E8%25BF%2591%25E5%25B9%25B3%25E8%25BF%2599%25E6%25A0%25B7%25E4%25BB%258B%25E7%25BB%258D%25E6%259D%25AD%25E5%25B7%259E%2523%26display_time%3D1695278250%26pre_seqid%3D169527825089102357128
1,https://simg.s.weibo.com/wb_search_img_search_1.png,中国又一特大城市诞生,https://m.weibo.cn/search?containerid=100103type%3D1%26t%3D10%26q%3D%23%E4%B8%AD%E5%9B%BD%E5%8F%88%E4%B8%80%E7%89%B9%E5%A4%A7%E5%9F%8E%E5%B8%82%E8%AF%9E%E7%94%9F%23&stream_entry_id=31&isnewpage=1&extparam=seat%3D1%26lcate%3D5001%26flag%3D1%26pos%3D0%26stream_entry_id%3D31%26q%3D%2523%25E4%25B8%25AD%25E5%259B%25BD%25E5%258F%2588%25E4%25B8%2580%25E7%2589%25B9%25E5%25A4%25A7%25E5%259F%258E%25E5%25B8%2582%25E8%25AF%259E%25E7%2594%259F%2523%26dgr%3D0%26realpos%3D1%26band_rank%3D1%26c_type%3D31%26filter_type%3Drealtimehot%26cate%3D5001%26display_time%3D1695278250%26pre_seqid%3D169527825089102357128
2,https://simg.s.weibo.com/wb_search_img_search_2.png,终于弄清瑜伽裤和鲨鱼裤的区别,https://m.weibo.cn/search?containerid=100103type%3D1%26t%3D10%26q%3D%23%E7%BB%88%E4%BA%8E%E5%BC%84%E6%B8%85%E7%91%9C%E4%BC%BD%E8%A3%A4%E5%92%8C%E9%B2%A8%E9%B1%BC%E8%A3%A4%E7%9A%84%E5%8C%BA%E5%88%AB%23&stream_entry_id=31&isnewpage=1&extparam=seat%3D1%26lcate%3D5001%26flag%3D2%26pos%3D1%26stream_entry_id%3D31%26q%3D%2523%25E7%25BB%2588%25E4%25BA%258E%25E5%25BC%2584%25E6%25B8%2585%25E7%2591%259C%25E4%25BC%25BD%25E8%25A3%25A4%25E5%2592%258C%25E9%25B2%25A8%25E9%25B1%25BC%25E8%25A3%25A4%25E7%259A%2584%25E5%258C%25BA%25E5%2588%25AB%2523%26dgr%3D0%26realpos%3D2%26band_rank%3D2%26c_type%3D31%26filter_type%3Drealtimehot%26cate%3D5001%26display_time%3D1695278250%26pre_seqid%3D169527825089102357128
3,https://simg.s.weibo.com/wb_search_img_search_3.png,杭州亚运将上演奥运级别巅峰对决,https://m.weibo.cn/search?containerid=100103type%3D1%26t%3D10%26q%3D%23%E6%9D%AD%E5%B7%9E%E4%BA%9A%E8%BF%90%E5%B0%86%E4%B8%8A%E6%BC%94%E5%A5%A5%E8%BF%90%E7%BA%A7%E5%88%AB%E5%B7%85%E5%B3%B0%E5%AF%B9%E5%86%B3%23&stream_entry_id=31&isnewpage=1&extparam=seat%3D1%26lcate%3D5001%26flag%3D0%26pos%3D2%26stream_entry_id%3D31%26q%3D%2523%25E6%259D%25AD%25E5%25B7%259E%25E4%25BA%259A%25E8%25BF%2590%25E5%25B0%2586%25E4%25B8%258A%25E6%25BC%2594%25E5%25A5%25A5%25E8%25BF%2590%25E7%25BA%25A7%25E5%2588%25AB%25E5%25B7%2585%25E5%25B3%25B0%25E5%25AF%25B9%25E5%2586%25B3%2523%26dgr%3D0%26realpos%3D3%26band_rank%3D3%26c_type%3D31%26filter_type%3Drealtimehot%26cate%3D5001%26display_time%3D1695278250%26pre_seqid%3D169527825089102357128
4,https://simg.s.weibo.com/wb_search_img_search_4.png,34岁还没结婚是因为喜欢帅哥,https://m.weibo.cn/search?containerid=100103type%3D1%26t%3D10%26q%3D34%E5%B2%81%E8%BF%98%E6%B2%A1%E7%BB%93%E5%A9%9A%E6%98%AF%E5%9B%A0%E4%B8%BA%E5%96%9C%E6%AC%A2%E5%B8%85%E5%93%A5&stream_entry_id=31&isnewpage=1&extparam=seat%3D1%26lcate%3D5001%26flag%3D1%26pos%3D3%26stream_entry_id%3D31%26q%3D34%25E5%25B2%2581%25E8%25BF%2598%25E6%25B2%25A1%25E7%25BB%2593%25E5%25A9%259A%25E6%2598%25AF%25E5%259B%25A0%25E4%25B8%25BA%25E5%2596%259C%25E6%25AC%25A2%25E5%25B8%2585%25E5%2593%25A5%26dgr%3D0%26realpos%3D4%26band_rank%3D4%26c_type%3D31%26filter_type%3Drealtimehot%26cate%3D5001%26display_time%3D1695278250%26pre_seqid%3D169527825089102357128
5,https://simg.s.weibo.com/wb_search_img_search_5.png,妈妈第一次来杭州朋友圈晒8张厕所图,https://m.weibo.cn/search?containerid=100103type%3D1%26t%3D10%26q%3D%23%E5%A6%88%E5%A6%88%E7%AC%AC%E4%B8%80%E6%AC%A1%E6%9D%A5%E6%9D%AD%E5%B7%9E%E6%9C%8B%E5%8F%8B%E5%9C%88%E6%99%928%E5%BC%A0%E5%8E%95%E6%89%80%E5%9B%BE%23&stream_entry_id=31&isnewpage=1&extparam=seat%3D1%26lcate%3D5001%26flag%3D32768%26pos%3D4%26stream_entry_id%3D31%26q%3D%2523%25E5%25A6%2588%25E5%25A6%2588%25E7%25AC%25AC%25E4%25B8%2580%25E6%25AC%25A1%25E6%259D%25A5%25E6%259D%25AD%25E5%25B7%259E%25E6%259C%258B%25E5%258F%258B%25E5%259C%2588%25E6%2599%25928%25E5%25BC%25A0%25E5%258E%2595%25E6%2589%2580%25E5%259B%25BE%2523%26dgr%3D0%26realpos%3D5%26band_rank%3D5%26c_type%3D31%26filter_type%3Drealtimehot%26cate%3D5001%26display_time%3D1695278250%26pre_seqid%3D169527825089102357128
6,https://simg.s.weibo.com/wb_search_img_search_6.png,猎罪图鉴2官宣檀健次金世佳,https://m.weibo.cn/search?containerid=100103type%3D1%26t%3D10%26q%3D%23%E7%8C%8E%E7%BD%AA%E5%9B%BE%E9%89%B42%E5%AE%98%E5%AE%A3%E6%AA%80%E5%81%A5%E6%AC%A1%E9%87%91%E4%B8%96%E4%BD%B3%23&stream_entry_id=31&isnewpage=1&extparam=seat%3D1%26lcate%3D5001%26flag%3D16%26pos%3D5%26stream_entry_id%3D31%26q%3D%2523%25E7%258C%258E%25E7%25BD%25AA%25E5%259B%25BE%25E9%2589%25B42%25E5%25AE%2598%25E5%25AE%25A3%25E6%25AA%2580%25E5%2581%25A5%25E6%25AC%25A1%25E9%2587%2591%25E4%25B8%2596%25E4%25BD%25B3%2523%26dgr%3D0%26realpos%3D6%26band_rank%3D6%26c_type%3D31%26filter_type%3Drealtimehot%26cate%3D5001%26display_time%3D1695278250%26pre_seqid%3D169527825089102357128
7,https://simg.s.weibo.com/wb_search_img_search_7.png,被钱砸中的刘亚仁,https://m.weibo.cn/search?containerid=100103type%3D1%26t%3D10%26q%3D%23%E8%A2%AB%E9%92%B1%E7%A0%B8%E4%B8%AD%E7%9A%84%E5%88%98%E4%BA%9A%E4%BB%81%23&stream_entry_id=31&isnewpage=1&extparam=seat%3D1%26lcate%3D5001%26flag%3D1%26pos%3D6%26stream_entry_id%3D31%26q%3D%2523%25E8%25A2%25AB%25E9%2592%25B1%25E7%25A0%25B8%25E4%25B8%25AD%25E7%259A%2584%25E5%2588%2598%25E4%25BA%259A%25E4%25BB%2581%2523%26dgr%3D0%26realpos%3D7%26band_rank%3D7%26c_type%3D31%26filter_type%3Drealtimehot%26cate%3D5001%26display_time%3D1695278250%26pre_seqid%3D169527825089102357128
8,https://simg.s.weibo.com/wb_search_img_search_8.png,TheShy和小杨哥联动,https://m.weibo.cn/search?containerid=100103type%3D1%26t%3D10%26q%3D%23TheShy%E5%92%8C%E5%B0%8F%E6%9D%A8%E5%93%A5%E8%81%94%E5%8A%A8%23&stream_entry_id=31&isnewpage=1&extparam=seat%3D1%26lcate%3D5001%26flag%3D1%26pos%3D7%26stream_entry_id%3D31%26q%3D%2523TheShy%25E5%2592%258C%25E5%25B0%258F%25E6%259D%25A8%25E5%2593%25A5%25E8%2581%2594%25E5%258A%25A8%2523%26dgr%3D0%26realpos%3D8%26band_rank%3D8%26c_type%3D31%26filter_type%3Drealtimehot%26cate%3D5001%26display_time%3D1695278250%26pre_seqid%3D169527825089102357128
9,https://simg.s.weibo.com/wb_search_img_search_9.png,导演一下就把魏大勋推开了,https://m.weibo.cn/search?containerid=100103type%3D1%26t%3D10%26q%3D%23%E5%AF%BC%E6%BC%94%E4%B8%80%E4%B8%8B%E5%B0%B1%E6%8A%8A%E9%AD%8F%E5%A4%A7%E5%8B%8B%E6%8E%A8%E5%BC%80%E4%BA%86%23&stream_entry_id=31&isnewpage=1&extparam=seat%3D1%26lcate%3D5001%26flag%3D1%26pos%3D8%26stream_entry_id%3D31%26q%3D%2523%25E5%25AF%25BC%25E6%25BC%2594%25E4%25B8%2580%25E4%25B8%258B%25E5%25B0%25B1%25E6%258A%258A%25E9%25AD%258F%25E5%25A4%25A7%25E5%258B%258B%25E6%258E%25A8%25E5%25BC%2580%25E4%25BA%2586%2523%26dgr%3D0%26realpos%3D9%26band_rank%3D9%26c_type%3D31%26filter_type%3Drealtimehot%26cate%3D5001%26display_time%3D1695278250%26pre_seqid%3D169527825089102357128
10,https://simg.s.weibo.com/wb_search_img_search_10.png,少爷和我,https://m.weibo.cn/search?containerid=100103type%3D1%26t%3D10%26q%3D%E5%B0%91%E7%88%B7%E5%92%8C%E6%88%91&stream_entry_id=31&isnewpage=1&extparam=seat%3D1%26lcate%3D5001%26flag%3D1%26pos%3D9%26stream_entry_id%3D31%26q%3D%25E5%25B0%2591%25E7%2588%25B7%25E5%2592%258C%25E6%2588%2591%26dgr%3D0%26realpos%3D10%26band_rank%3D10%26c_type%3D31%26filter_type%3Drealtimehot%26cate%3D5001%26display_time%3D1695278250%26pre_seqid%3D169527825089102357128
11,https://simg.s.weibo.com/wb_search_img_search_11.png,特朗普儿子发文父亲去世后称账号被黑,https://m.weibo.cn/search?containerid=100103type%3D1%26t%3D10%26q%3D%23%E7%89%B9%E6%9C%97%E6%99%AE%E5%84%BF%E5%AD%90%E5%8F%91%E6%96%87%E7%88%B6%E4%BA%B2%E5%8E%BB%E4%B8%96%E5%90%8E%E7%A7%B0%E8%B4%A6%E5%8F%B7%E8%A2%AB%E9%BB%91%23&stream_entry_id=31&isnewpage=1&extparam=seat%3D1%26lcate%3D5001%26flag%3D2%26pos%3D10%26stream_entry_id%3D31%26q%3D%2523%25E7%2589%25B9%25E6%259C%2597%25E6%2599%25AE%25E5%2584%25BF%25E5%25AD%2590%25E5%258F%2591%25E6%2596%2587%25E7%2588%25B6%25E4%25BA%25B2%25E5%258E%25BB%25E4%25B8%2596%25E5%2590%258E%25E7%25A7%25B0%25E8%25B4%25A6%25E5%258F%25B7%25E8%25A2%25AB%25E9%25BB%2591%2523%26dgr%3D0%26realpos%3D11%26band_rank%3D11%26c_type%3D31%26filter_type%3Drealtimehot%26cate%3D5001%26display_time%3D1695278250%26pre_seqid%3D169527825089102357128
12,https://simg.s.weibo.com/wb_search_img_search_12.png,拿诺奖在东莞买房补贴1000万,https://m.weibo.cn/search?containerid=100103type%3D1%26t%3D10%26q%3D%23%E6%8B%BF%E8%AF%BA%E5%A5%96%E5%9C%A8%E4%B8%9C%E8%8E%9E%E4%B9%B0%E6%88%BF%E8%A1%A5%E8%B4%B41000%E4%B8%87%23&stream_entry_id=31&isnewpage=1&extparam=seat%3D1%26lcate%3D5001%26flag%3D0%26pos%3D11%26stream_entry_id%3D31%26q%3D%2523%25E6%258B%25BF%25E8%25AF%25BA%25E5%25A5%2596%25E5%259C%25A8%25E4%25B8%259C%25E8%258E%259E%25E4%25B9%25B0%25E6%2588%25BF%25E8%25A1%25A5%25E8%25B4%25B41000%25E4%25B8%2587%2523%26dgr%3D0%26realpos%3D12%26band_rank%3D12%26c_type%3D31%26filter_type%3Drealtimehot%26cate%3D5001%26display_time%3D1695278250%26pre_seqid%3D169527825089102357128
13,https://simg.s.weibo.com/wb_search_img_search_13.png,张小斐这段真的给我难受死了,https://m.weibo.cn/search?containerid=100103type%3D1%26t%3D10%26q%3D%23%E5%BC%A0%E5%B0%8F%E6%96%90%E8%BF%99%E6%AE%B5%E7%9C%9F%E7%9A%84%E7%BB%99%E6%88%91%E9%9A%BE%E5%8F%97%E6%AD%BB%E4%BA%86%23&stream_entry_id=31&isnewpage=1&extparam=seat%3D1%26lcate%3D5001%26flag%3D1%26pos%3D12%26stream_entry_id%3D31%26q%3D%2523%25E5%25BC%25A0%25E5%25B0%258F%25E6%2596%2590%25E8%25BF%2599%25E6%25AE%25B5%25E7%259C%259F%25E7%259A%2584%25E7%25BB%2599%25E6%2588%2591%25E9%259A%25BE%25E5%258F%2597%25E6%25AD%25BB%25E4%25BA%2586%2523%26dgr%3D0%26realpos%3D13%26band_rank%3D13%26c_type%3D31%26filter_type%3Drealtimehot%26cate%3D5001%26display_time%3D1695278250%26pre_seqid%3D169527825089102357128
14,https://simg.s.weibo.com/wb_search_img_search_14.png,花西子创始人送1万份眉笔,https://m.weibo.cn/search?containerid=100103type%3D1%26t%3D10%26q%3D%23%E8%8A%B1%E8%A5%BF%E5%AD%90%E5%88%9B%E5%A7%8B%E4%BA%BA%E9%80%811%E4%B8%87%E4%BB%BD%E7%9C%89%E7%AC%94%23&stream_entry_id=31&isnewpage=1&extparam=seat%3D1%26lcate%3D5001%26flag%3D0%26pos%3D13%26stream_entry_id%3D31%26q%3D%2523%25E8%258A%25B1%25E8%25A5%25BF%25E5%25AD%2590%25E5%2588%259B%25E5%25A7%258B%25E4%25BA%25BA%25E9%2580%25811%25E4%25B8%2587%25E4%25BB%25BD%25E7%259C%2589%25E7%25AC%2594%2523%26dgr%3D0%26realpos%3D14%26band_rank%3D14%26c_type%3D31%26filter_type%3Drealtimehot%26cate%3D5001%26display_time%3D1695278250%26pre_seqid%3D169527825089102357128
15,https://simg.s.weibo.com/wb_search_img_search_15.png,一觉醒来大熊猫主动送上门,https://m.weibo.cn/search?containerid=100103type%3D1%26t%3D10%26q%3D%23%E4%B8%80%E8%A7%89%E9%86%92%E6%9D%A5%E5%A4%A7%E7%86%8A%E7%8C%AB%E4%B8%BB%E5%8A%A8%E9%80%81%E4%B8%8A%E9%97%A8%23&stream_entry_id=31&isnewpage=1&extparam=seat%3D1%26lcate%3D5001%26flag%3D1%26pos%3D14%26stream_entry_id%3D31%26q%3D%2523%25E4%25B8%2580%25E8%25A7%2589%25E9%2586%2592%25E6%259D%25A5%25E5%25A4%25A7%25E7%2586%258A%25E7%258C%25AB%25E4%25B8%25BB%25E5%258A%25A8%25E9%2580%2581%25E4%25B8%258A%25E9%2597%25A8%2523%26dgr%3D0%26realpos%3D15%26band_rank%3D15%26c_type%3D31%26filter_type%3Drealtimehot%26cate%3D5001%26display_time%3D1695278250%26pre_seqid%3D169527825089102357128
16,https://simg.s.weibo.com/wb_search_img_search_16.png,换回国货后发现工资够用了,https://m.weibo.cn/search?containerid=100103type%3D1%26t%3D10%26q%3D%23%E6%8D%A2%E5%9B%9E%E5%9B%BD%E8%B4%A7%E5%90%8E%E5%8F%91%E7%8E%B0%E5%B7%A5%E8%B5%84%E5%A4%9F%E7%94%A8%E4%BA%86%23&stream_entry_id=31&isnewpage=1&extparam=seat%3D1%26lcate%3D5001%26flag%3D0%26pos%3D15%26stream_entry_id%3D31%26q%3D%2523%25E6%258D%25A2%25E5%259B%259E%25E5%259B%25BD%25E8%25B4%25A7%25E5%2590%258E%25E5%258F%2591%25E7%258E%25B0%25E5%25B7%25A5%25E8%25B5%2584%25E5%25A4%259F%25E7%2594%25A8%25E4%25BA%2586%2523%26dgr%3D0%26realpos%3D16%26band_rank%3D16%26c_type%3D31%26filter_type%3Drealtimehot%26cate%3D5001%26display_time%3D1695278250%26pre_seqid%3D169527825089102357128
17,https://simg.s.weibo.com/wb_search_img_search_17.png,曾舜晞把莲花楼里的狐狸精带走了,https://m.weibo.cn/search?containerid=100103type%3D1%26t%3D10%26q%3D%23%E6%9B%BE%E8%88%9C%E6%99%9E%E6%8A%8A%E8%8E%B2%E8%8A%B1%E6%A5%BC%E9%87%8C%E7%9A%84%E7%8B%90%E7%8B%B8%E7%B2%BE%E5%B8%A6%E8%B5%B0%E4%BA%86%23&stream_entry_id=31&isnewpage=1&extparam=seat%3D1%26lcate%3D5001%26flag%3D1%26pos%3D16%26stream_entry_id%3D31%26q%3D%2523%25E6%259B%25BE%25E8%2588%259C%25E6%2599%259E%25E6%258A%258A%25E8%258E%25B2%25E8%258A%25B1%25E6%25A5%25BC%25E9%2587%258C%25E7%259A%2584%25E7%258B%2590%25E7%258B%25B8%25E7%25B2%25BE%25E5%25B8%25A6%25E8%25B5%25B0%25E4%25BA%2586%2523%26dgr%3D0%26realpos%3D17%26band_rank%3D17%26c_type%3D31%26filter_type%3Drealtimehot%26cate%3D5001%26display_time%3D1695278250%26pre_seqid%3D169527825089102357128
18,https://simg.s.weibo.com/wb_search_img_search_18.png,没有李佳琦花西子会走向何处,https://m.weibo.cn/search?containerid=100103type%3D1%26t%3D10%26q%3D%23%E6%B2%A1%E6%9C%89%E6%9D%8E%E4%BD%B3%E7%90%A6%E8%8A%B1%E8%A5%BF%E5%AD%90%E4%BC%9A%E8%B5%B0%E5%90%91%E4%BD%95%E5%A4%84%23&stream_entry_id=31&isnewpage=1&extparam=seat%3D1%26lcate%3D5001%26flag%3D0%26pos%3D17%26stream_entry_id%3D31%26q%3D%2523%25E6%25B2%25A1%25E6%259C%2589%25E6%259D%258E%25E4%25BD%25B3%25E7%2590%25A6%25E8%258A%25B1%25E8%25A5%25BF%25E5%25AD%2590%25E4%25BC%259A%25E8%25B5%25B0%25E5%2590%2591%25E4%25BD%2595%25E5%25A4%2584%2523%26dgr%3D0%26realpos%3D18%26band_rank%3D18%26c_type%3D31%26filter_type%3Drealtimehot%26cate%3D5001%26display_time%3D1695278250%26pre_seqid%3D169527825089102357128
19,https://simg.s.weibo.com/wb_search_img_search_19.png,白色橄榄树,https://m.weibo.cn/search?containerid=100103type%3D1%26t%3D10%26q%3D%E7%99%BD%E8%89%B2%E6%A9%84%E6%A6%84%E6%A0%91&stream_entry_id=31&isnewpage=1&extparam=seat%3D1%26lcate%3D5001%26flag%3D1%26pos%3D18%26stream_entry_id%3D31%26q%3D%25E7%2599%25BD%25E8%2589%25B2%25E6%25A9%2584%25E6%25A6%2584%25E6%25A0%2591%26dgr%3D0%26realpos%3D19%26band_rank%3D19%26c_type%3D31%26filter_type%3Drealtimehot%26cate%3D5001%26display_time%3D1695278250%26pre_seqid%3D169527825089102357128
20,https://simg.s.weibo.com/wb_search_img_search_20.png,成毅优酷扫楼,https://m.weibo.cn/search?containerid=100103type%3D1%26t%3D10%26q%3D%23%E6%88%90%E6%AF%85%E4%BC%98%E9%85%B7%E6%89%AB%E6%A5%BC%23&stream_entry_id=31&isnewpage=1&extparam=seat%3D1%26lcate%3D5001%26flag%3D0%26pos%3D19%26stream_entry_id%3D31%26q%3D%2523%25E6%2588%2590%25E6%25AF%2585%25E4%25BC%2598%25E9%2585%25B7%25E6%2589%25AB%25E6%25A5%25BC%2523%26dgr%3D0%26realpos%3D20%26band_rank%3D20%26c_type%3D31%26filter_type%3Drealtimehot%26cate%3D5001%26display_time%3D1695278250%26pre_seqid%3D169527825089102357128
21,https://simg.s.weibo.com/wb_search_img_search_21.png,太子奶,https://m.weibo.cn/search?containerid=100103type%3D1%26t%3D10%26q%3D%E5%A4%AA%E5%AD%90%E5%A5%B6&stream_entry_id=31&isnewpage=1&extparam=seat%3D1%26lcate%3D5001%26flag%3D1%26pos%3D20%26stream_entry_id%3D31%26q%3D%25E5%25A4%25AA%25E5%25AD%2590%25E5%25A5%25B6%26dgr%3D0%26realpos%3D21%26band_rank%3D21%26c_type%3D31%26filter_type%3Drealtimehot%26cate%3D5001%26display_time%3D1695278250%26pre_seqid%3D169527825089102357128
22,https://simg.s.weibo.com/wb_search_img_search_22.png,逼女孩喝酒的未成年曾逼男孩吃粪便,https://m.weibo.cn/search?containerid=100103type%3D1%26t%3D10%26q%3D%23%E9%80%BC%E5%A5%B3%E5%AD%A9%E5%96%9D%E9%85%92%E7%9A%84%E6%9C%AA%E6%88%90%E5%B9%B4%E6%9B%BE%E9%80%BC%E7%94%B7%E5%AD%A9%E5%90%83%E7%B2%AA%E4%BE%BF%23&stream_entry_id=31&isnewpage=1&extparam=seat%3D1%26lcate%3D5001%26flag%3D1%26pos%3D21%26stream_entry_id%3D31%26q%3D%2523%25E9%2580%25BC%25E5%25A5%25B3%25E5%25AD%25A9%25E5%2596%259D%25E9%2585%2592%25E7%259A%2584%25E6%259C%25AA%25E6%2588%2590%25E5%25B9%25B4%25E6%259B%25BE%25E9%2580%25BC%25E7%2594%25B7%25E5%25AD%25A9%25E5%2590%2583%25E7%25B2%25AA%25E4%25BE%25BF%2523%26dgr%3D0%26realpos%3D22%26band_rank%3D22%26c_type%3D31%26filter_type%3Drealtimehot%26cate%3D5001%26display_time%3D1695278250%26pre_seqid%3D169527825089102357128
23,https://simg.s.weibo.com/wb_search_img_search_23.png,王权霸业改名王权弘业,https://m.weibo.cn/search?containerid=100103type%3D1%26t%3D10%26q%3D%E7%8E%8B%E6%9D%83%E9%9C%B8%E4%B8%9A%E6%94%B9%E5%90%8D%E7%8E%8B%E6%9D%83%E5%BC%98%E4%B8%9A&stream_entry_id=31&isnewpage=1&extparam=seat%3D1%26lcate%3D5001%26flag%3D0%26pos%3D22%26stream_entry_id%3D31%26q%3D%25E7%258E%258B%25E6%259D%2583%25E9%259C%25B8%25E4%25B8%259A%25E6%2594%25B9%25E5%2590%258D%25E7%258E%258B%25E6%259D%2583%25E5%25BC%2598%25E4%25B8%259A%26dgr%3D0%26realpos%3D23%26band_rank%3D23%26c_type%3D31%26filter_type%3Drealtimehot%26cate%3D5001%26display_time%3D1695278250%26pre_seqid%3D169527825089102357128
24,https://simg.s.weibo.com/wb_search_img_search_24.png,杨紫的扛剧能力是被认可的,https://m.weibo.cn/search?containerid=100103type%3D1%26t%3D10%26q%3D%23%E6%9D%A8%E7%B4%AB%E7%9A%84%E6%89%9B%E5%89%A7%E8%83%BD%E5%8A%9B%E6%98%AF%E8%A2%AB%E8%AE%A4%E5%8F%AF%E7%9A%84%23&stream_entry_id=31&isnewpage=1&extparam=seat%3D1%26lcate%3D5001%26flag%3D1%26pos%3D23%26stream_entry_id%3D31%26q%3D%2523%25E6%259D%25A8%25E7%25B4%25AB%25E7%259A%2584%25E6%2589%259B%25E5%2589%25A7%25E8%2583%25BD%25E5%258A%259B%25E6%2598%25AF%25E8%25A2%25AB%25E8%25AE%25A4%25E5%258F%25AF%25E7%259A%2584%2523%26dgr%3D0%26realpos%3D24%26band_rank%3D24%26c_type%3D31%26filter_type%3Drealtimehot%26cate%3D5001%26display_time%3D1695278250%26pre_seqid%3D169527825089102357128
25,https://simg.s.weibo.com/wb_search_img_search_25.png,女王蜂 抢票,https://m.weibo.cn/search?containerid=100103type%3D1%26t%3D10%26q%3D%E5%A5%B3%E7%8E%8B%E8%9C%82+%E6%8A%A2%E7%A5%A8&stream_entry_id=31&isnewpage=1&extparam=seat%3D1%26lcate%3D5001%26flag%3D1%26pos%3D24%26stream_entry_id%3D31%26q%3D%25E5%25A5%25B3%25E7%258E%258B%25E8%259C%2582%2520%25E6%258A%25A2%25E7%25A5%25A8%26dgr%3D0%26realpos%3D25%26band_rank%3D25%26c_type%3D31%26filter_type%3Drealtimehot%26cate%3D5001%26display_time%3D1695278250%26pre_seqid%3D169527825089102357128
26,https://simg.s.weibo.com/wb_search_img_search_26.png,赵又廷希望女儿长得像高圆圆,https://m.weibo.cn/search?containerid=100103type%3D1%26t%3D10%26q%3D%23%E8%B5%B5%E5%8F%88%E5%BB%B7%E5%B8%8C%E6%9C%9B%E5%A5%B3%E5%84%BF%E9%95%BF%E5%BE%97%E5%83%8F%E9%AB%98%E5%9C%86%E5%9C%86%23&stream_entry_id=31&isnewpage=1&extparam=seat%3D1%26lcate%3D5001%26flag%3D0%26pos%3D25%26stream_entry_id%3D31%26q%3D%2523%25E8%25B5%25B5%25E5%258F%2588%25E5%25BB%25B7%25E5%25B8%258C%25E6%259C%259B%25E5%25A5%25B3%25E5%2584%25BF%25E9%2595%25BF%25E5%25BE%2597%25E5%2583%258F%25E9%25AB%2598%25E5%259C%2586%25E5%259C%2586%2523%26dgr%3D0%26realpos%3D26%26band_rank%3D26%26c_type%3D31%26filter_type%3Drealtimehot%26cate%3D5001%26display_time%3D1695278250%26pre_seqid%3D169527825089102357128
27,https://simg.s.weibo.com/wb_search_img_search_27.png,我的阿勒泰,https://m.weibo.cn/search?containerid=100103type%3D1%26t%3D10%26q%3D%E6%88%91%E7%9A%84%E9%98%BF%E5%8B%92%E6%B3%B0&stream_entry_id=31&isnewpage=1&extparam=seat%3D1%26lcate%3D5001%26flag%3D1%26pos%3D26%26stream_entry_id%3D31%26q%3D%25E6%2588%2591%25E7%259A%2584%25E9%2598%25BF%25E5%258B%2592%25E6%25B3%25B0%26dgr%3D0%26realpos%3D27%26band_rank%3D27%26c_type%3D31%26filter_type%3Drealtimehot%26cate%3D5001%26display_time%3D1695278250%26pre_seqid%3D169527825089102357128
28,https://simg.s.weibo.com/wb_search_img_search_28.png,电视剧长风破浪官宣,https://m.weibo.cn/search?containerid=100103type%3D1%26t%3D10%26q%3D%23%E7%94%B5%E8%A7%86%E5%89%A7%E9%95%BF%E9%A3%8E%E7%A0%B4%E6%B5%AA%E5%AE%98%E5%AE%A3%23&stream_entry_id=31&isnewpage=1&extparam=seat%3D1%26lcate%3D5001%26flag%3D0%26pos%3D27%26stream_entry_id%3D31%26q%3D%2523%25E7%2594%25B5%25E8%25A7%2586%25E5%2589%25A7%25E9%2595%25BF%25E9%25A3%258E%25E7%25A0%25B4%25E6%25B5%25AA%25E5%25AE%2598%25E5%25AE%25A3%2523%26dgr%3D0%26realpos%3D28%26band_rank%3D28%26c_type%3D31%26filter_type%3Drealtimehot%26cate%3D5001%26display_time%3D1695278250%26pre_seqid%3D169527825089102357128
29,https://simg.s.weibo.com/wb_search_img_search_29.png,杨紫初秋纯欲妆,https://m.weibo.cn/search?containerid=100103type%3D1%26t%3D10%26q%3D%E6%9D%A8%E7%B4%AB%E5%88%9D%E7%A7%8B%E7%BA%AF%E6%AC%B2%E5%A6%86&stream_entry_id=31&isnewpage=1&extparam=seat%3D1%26lcate%3D5001%26flag%3D0%26pos%3D28%26stream_entry_id%3D31%26q%3D%25E6%259D%25A8%25E7%25B4%25AB%25E5%2588%259D%25E7%25A7%258B%25E7%25BA%25AF%25E6%25AC%25B2%25E5%25A6%2586%26dgr%3D0%26realpos%3D29%26band_rank%3D29%26c_type%3D31%26filter_type%3Drealtimehot%26cate%3D5001%26display_time%3D1695278250%26pre_seqid%3D169527825089102357128
30,https://simg.s.weibo.com/wb_search_img_search_30.png,沪指4000点才是崛起的基本点,https://m.weibo.cn/search?containerid=100103type%3D1%26t%3D10%26q%3D%23%E6%B2%AA%E6%8C%874000%E7%82%B9%E6%89%8D%E6%98%AF%E5%B4%9B%E8%B5%B7%E7%9A%84%E5%9F%BA%E6%9C%AC%E7%82%B9%23&stream_entry_id=31&isnewpage=1&extparam=seat%3D1%26lcate%3D5001%26flag%3D1%26pos%3D29%26stream_entry_id%3D31%26q%3D%2523%25E6%25B2%25AA%25E6%258C%25874000%25E7%2582%25B9%25E6%2589%258D%25E6%2598%25AF%25E5%25B4%259B%25E8%25B5%25B7%25E7%259A%2584%25E5%259F%25BA%25E6%259C%25AC%25E7%2582%25B9%2523%26dgr%3D0%26realpos%3D30%26band_rank%3D30%26c_type%3D31%26filter_type%3Drealtimehot%26cate%3D5001%26display_time%3D1695278250%26pre_seqid%3D169527825089102357128
31,https://simg.s.weibo.com/wb_search_img_search_31.png,许幻山 又是你,https://m.weibo.cn/search?containerid=100103type%3D1%26t%3D10%26q%3D%E8%AE%B8%E5%B9%BB%E5%B1%B1+%E5%8F%88%E6%98%AF%E4%BD%A0&stream_entry_id=31&isnewpage=1&extparam=seat%3D1%26lcate%3D5001%26flag%3D0%26pos%3D30%26stream_entry_id%3D31%26q%3D%25E8%25AE%25B8%25E5%25B9%25BB%25E5%25B1%25B1%2520%25E5%258F%2588%25E6%2598%25AF%25E4%25BD%25A0%26dgr%3D0%26realpos%3D31%26band_rank%3D31%26c_type%3D31%26filter_type%3Drealtimehot%26cate%3D5001%26display_time%3D1695278250%26pre_seqid%3D169527825089102357128
32,https://simg.s.weibo.com/wb_search_img_search_32.png,GIDLE官宣上海签售会,https://m.weibo.cn/search?containerid=100103type%3D1%26t%3D10%26q%3D%23GIDLE%E5%AE%98%E5%AE%A3%E4%B8%8A%E6%B5%B7%E7%AD%BE%E5%94%AE%E4%BC%9A%23&stream_entry_id=31&isnewpage=1&extparam=seat%3D1%26lcate%3D5001%26flag%3D1%26pos%3D31%26stream_entry_id%3D31%26q%3D%2523GIDLE%25E5%25AE%2598%25E5%25AE%25A3%25E4%25B8%258A%25E6%25B5%25B7%25E7%25AD%25BE%25E5%2594%25AE%25E4%25BC%259A%2523%26dgr%3D0%26realpos%3D32%26band_rank%3D32%26c_type%3D31%26filter_type%3Drealtimehot%26cate%3D5001%26display_time%3D1695278250%26pre_seqid%3D169527825089102357128
33,https://simg.s.weibo.com/wb_search_img_search_33.png,五条悟台词 人设崩塌,https://m.weibo.cn/search?containerid=100103type%3D1%26t%3D10%26q%3D%E4%BA%94%E6%9D%A1%E6%82%9F%E5%8F%B0%E8%AF%8D+%E4%BA%BA%E8%AE%BE%E5%B4%A9%E5%A1%8C&stream_entry_id=31&isnewpage=1&extparam=seat%3D1%26lcate%3D5001%26flag%3D0%26pos%3D32%26stream_entry_id%3D31%26q%3D%25E4%25BA%2594%25E6%259D%25A1%25E6%2582%259F%25E5%258F%25B0%25E8%25AF%258D%2520%25E4%25BA%25BA%25E8%25AE%25BE%25E5%25B4%25A9%25E5%25A1%258C%26dgr%3D0%26realpos%3D33%26band_rank%3D33%26c_type%3D31%26filter_type%3Drealtimehot%26cate%3D5001%26display_time%3D1695278250%26pre_seqid%3D169527825089102357128
34,https://simg.s.weibo.com/wb_search_img_search_34.png,TFBOYS为王俊凯新电影打call,https://m.weibo.cn/search?containerid=100103type%3D1%26t%3D10%26q%3D%23TFBOYS%E4%B8%BA%E7%8E%8B%E4%BF%8A%E5%87%AF%E6%96%B0%E7%94%B5%E5%BD%B1%E6%89%93call%23&stream_entry_id=31&isnewpage=1&extparam=seat%3D1%26lcate%3D5001%26flag%3D0%26pos%3D33%26stream_entry_id%3D31%26q%3D%2523TFBOYS%25E4%25B8%25BA%25E7%258E%258B%25E4%25BF%258A%25E5%2587%25AF%25E6%2596%25B0%25E7%2594%25B5%25E5%25BD%25B1%25E6%2589%2593call%2523%26dgr%3D0%26realpos%3D34%26band_rank%3D34%26c_type%3D31%26filter_type%3Drealtimehot%26cate%3D5001%26display_time%3D1695278250%26pre_seqid%3D169527825089102357128
35,https://simg.s.weibo.com/wb_search_img_search_35.png,这些刷牙的坏习惯不要有,https://m.weibo.cn/search?containerid=100103type%3D1%26t%3D10%26q%3D%23%E8%BF%99%E4%BA%9B%E5%88%B7%E7%89%99%E7%9A%84%E5%9D%8F%E4%B9%A0%E6%83%AF%E4%B8%8D%E8%A6%81%E6%9C%89%23&stream_entry_id=31&isnewpage=1&extparam=seat%3D1%26lcate%3D5001%26flag%3D1%26pos%3D34%26stream_entry_id%3D31%26q%3D%2523%25E8%25BF%2599%25E4%25BA%259B%25E5%2588%25B7%25E7%2589%2599%25E7%259A%2584%25E5%259D%258F%25E4%25B9%25A0%25E6%2583%25AF%25E4%25B8%258D%25E8%25A6%2581%25E6%259C%2589%2523%26dgr%3D0%26realpos%3D35%26band_rank%3D35%26c_type%3D31%26filter_type%3Drealtimehot%26cate%3D5001%26display_time%3D1695278250%26pre_seqid%3D169527825089102357128
36,https://simg.s.weibo.com/wb_search_img_search_36.png,迪丽热巴秦岚花少5合照,https://m.weibo.cn/search?containerid=100103type%3D1%26t%3D10%26q%3D%23%E8%BF%AA%E4%B8%BD%E7%83%AD%E5%B7%B4%E7%A7%A6%E5%B2%9A%E8%8A%B1%E5%B0%915%E5%90%88%E7%85%A7%23&stream_entry_id=31&isnewpage=1&extparam=seat%3D1%26lcate%3D5001%26flag%3D0%26pos%3D35%26stream_entry_id%3D31%26q%3D%2523%25E8%25BF%25AA%25E4%25B8%25BD%25E7%2583%25AD%25E5%25B7%25B4%25E7%25A7%25A6%25E5%25B2%259A%25E8%258A%25B1%25E5%25B0%25915%25E5%2590%2588%25E7%2585%25A7%2523%26dgr%3D0%26realpos%3D36%26band_rank%3D36%26c_type%3D31%26filter_type%3Drealtimehot%26cate%3D5001%26display_time%3D1695278250%26pre_seqid%3D169527825089102357128
37,https://simg.s.weibo.com/wb_search_img_search_37.png,狐妖小红娘竹业篇首发阵容,https://m.weibo.cn/search?containerid=100103type%3D1%26t%3D10%26q%3D%23%E7%8B%90%E5%A6%96%E5%B0%8F%E7%BA%A2%E5%A8%98%E7%AB%B9%E4%B8%9A%E7%AF%87%E9%A6%96%E5%8F%91%E9%98%B5%E5%AE%B9%23&stream_entry_id=31&isnewpage=1&extparam=seat%3D1%26lcate%3D5001%26flag%3D0%26pos%3D36%26stream_entry_id%3D31%26q%3D%2523%25E7%258B%2590%25E5%25A6%2596%25E5%25B0%258F%25E7%25BA%25A2%25E5%25A8%2598%25E7%25AB%25B9%25E4%25B8%259A%25E7%25AF%2587%25E9%25A6%2596%25E5%258F%2591%25E9%2598%25B5%25E5%25AE%25B9%2523%26dgr%3D0%26realpos%3D37%26band_rank%3D37%26c_type%3D31%26filter_type%3Drealtimehot%26cate%3D5001%26display_time%3D1695278250%26pre_seqid%3D169527825089102357128
38,https://simg.s.weibo.com/wb_search_img_search_38.png,已故港星成奎安长子涉毒被捕,https://m.weibo.cn/search?containerid=100103type%3D1%26t%3D10%26q%3D%23%E5%B7%B2%E6%95%85%E6%B8%AF%E6%98%9F%E6%88%90%E5%A5%8E%E5%AE%89%E9%95%BF%E5%AD%90%E6%B6%89%E6%AF%92%E8%A2%AB%E6%8D%95%23&stream_entry_id=31&isnewpage=1&extparam=seat%3D1%26lcate%3D5001%26flag%3D1%26pos%3D37%26stream_entry_id%3D31%26q%3D%2523%25E5%25B7%25B2%25E6%2595%2585%25E6%25B8%25AF%25E6%2598%259F%25E6%2588%2590%25E5%25A5%258E%25E5%25AE%2589%25E9%2595%25BF%25E5%25AD%2590%25E6%25B6%2589%25E6%25AF%2592%25E8%25A2%25AB%25E6%258D%2595%2523%26dgr%3D0%26realpos%3D38%26band_rank%3D38%26c_type%3D31%26filter_type%3Drealtimehot%26cate%3D5001%26display_time%3D1695278250%26pre_seqid%3D169527825089102357128
39,https://simg.s.weibo.com/wb_search_img_search_39.png,Mate60不会放过每一个逃单的人,https://m.weibo.cn/search?containerid=100103type%3D1%26t%3D10%26q%3D%23Mate60%E4%B8%8D%E4%BC%9A%E6%94%BE%E8%BF%87%E6%AF%8F%E4%B8%80%E4%B8%AA%E9%80%83%E5%8D%95%E7%9A%84%E4%BA%BA%23&stream_entry_id=31&isnewpage=1&extparam=seat%3D1%26lcate%3D5001%26flag%3D0%26pos%3D38%26stream_entry_id%3D31%26q%3D%2523Mate60%25E4%25B8%258D%25E4%25BC%259A%25E6%2594%25BE%25E8%25BF%2587%25E6%25AF%258F%25E4%25B8%2580%25E4%25B8%25AA%25E9%2580%2583%25E5%258D%2595%25E7%259A%2584%25E4%25BA%25BA%2523%26dgr%3D0%26realpos%3D39%26band_rank%3D39%26c_type%3D31%26filter_type%3Drealtimehot%26cate%3D5001%26display_time%3D1695278250%26pre_seqid%3D169527825089102357128
40,https://simg.s.weibo.com/wb_search_img_search_40.png,黄子诚姚瑶结婚了,https://m.weibo.cn/search?containerid=100103type%3D1%26t%3D10%26q%3D%23%E9%BB%84%E5%AD%90%E8%AF%9A%E5%A7%9A%E7%91%B6%E7%BB%93%E5%A9%9A%E4%BA%86%23&stream_entry_id=31&isnewpage=1&extparam=seat%3D1%26lcate%3D5001%26flag%3D0%26pos%3D39%26stream_entry_id%3D31%26q%3D%2523%25E9%25BB%2584%25E5%25AD%2590%25E8%25AF%259A%25E5%25A7%259A%25E7%2591%25B6%25E7%25BB%2593%25E5%25A9%259A%25E4%25BA%2586%2523%26dgr%3D0%26realpos%3D40%26band_rank%3D40%26c_type%3D31%26filter_type%3Drealtimehot%26cate%3D5001%26display_time%3D1695278250%26pre_seqid%3D169527825089102357128
41,https://simg.s.weibo.com/wb_search_img_search_41.png,关晓彤鎏金月神妆,https://m.weibo.cn/search?containerid=100103type%3D1%26t%3D10%26q%3D%23%E5%85%B3%E6%99%93%E5%BD%A4%E9%8E%8F%E9%87%91%E6%9C%88%E7%A5%9E%E5%A6%86%23&stream_entry_id=31&isnewpage=1&extparam=seat%3D1%26lcate%3D5001%26flag%3D1%26pos%3D40%26stream_entry_id%3D31%26q%3D%2523%25E5%2585%25B3%25E6%2599%2593%25E5%25BD%25A4%25E9%258E%258F%25E9%2587%2591%25E6%259C%2588%25E7%25A5%259E%25E5%25A6%2586%2523%26dgr%3D0%26realpos%3D41%26band_rank%3D41%26c_type%3D31%26filter_type%3Drealtimehot%26cate%3D5001%26display_time%3D1695278250%26pre_seqid%3D169527825089102357128
42,https://simg.s.weibo.com/wb_search_img_search_42.png,妈妈解释女儿和纸片人交往,https://m.weibo.cn/search?containerid=100103type%3D1%26t%3D10%26q%3D%E5%A6%88%E5%A6%88%E8%A7%A3%E9%87%8A%E5%A5%B3%E5%84%BF%E5%92%8C%E7%BA%B8%E7%89%87%E4%BA%BA%E4%BA%A4%E5%BE%80&stream_entry_id=31&isnewpage=1&extparam=seat%3D1%26lcate%3D5001%26flag%3D1%26pos%3D41%26stream_entry_id%3D31%26q%3D%25E5%25A6%2588%25E5%25A6%2588%25E8%25A7%25A3%25E9%2587%258A%25E5%25A5%25B3%25E5%2584%25BF%25E5%2592%258C%25E7%25BA%25B8%25E7%2589%2587%25E4%25BA%25BA%25E4%25BA%25A4%25E5%25BE%2580%26dgr%3D0%26realpos%3D42%26band_rank%3D42%26c_type%3D31%26filter_type%3Drealtimehot%26cate%3D5001%26display_time%3D1695278250%26pre_seqid%3D169527825089102357128
43,https://simg.s.weibo.com/wb_search_img_search_43.png,猎罪图鉴2没加女主,https://m.weibo.cn/search?containerid=100103type%3D1%26t%3D10%26q%3D%23%E7%8C%8E%E7%BD%AA%E5%9B%BE%E9%89%B42%E6%B2%A1%E5%8A%A0%E5%A5%B3%E4%B8%BB%23&stream_entry_id=31&isnewpage=1&extparam=seat%3D1%26lcate%3D5001%26flag%3D0%26pos%3D42%26stream_entry_id%3D31%26q%3D%2523%25E7%258C%258E%25E7%25BD%25AA%25E5%259B%25BE%25E9%2589%25B42%25E6%25B2%25A1%25E5%258A%25A0%25E5%25A5%25B3%25E4%25B8%25BB%2523%26dgr%3D0%26realpos%3D43%26band_rank%3D43%26c_type%3D31%26filter_type%3Drealtimehot%26cate%3D5001%26display_time%3D1695278250%26pre_seqid%3D169527825089102357128
44,https://simg.s.weibo.com/wb_search_img_search_44.png,菲律宾机场安检员偷中国乘客钱财,https://m.weibo.cn/search?containerid=100103type%3D1%26t%3D10%26q%3D%23%E8%8F%B2%E5%BE%8B%E5%AE%BE%E6%9C%BA%E5%9C%BA%E5%AE%89%E6%A3%80%E5%91%98%E5%81%B7%E4%B8%AD%E5%9B%BD%E4%B9%98%E5%AE%A2%E9%92%B1%E8%B4%A2%23&stream_entry_id=31&isnewpage=1&extparam=seat%3D1%26lcate%3D5001%26flag%3D1%26pos%3D43%26stream_entry_id%3D31%26q%3D%2523%25E8%258F%25B2%25E5%25BE%258B%25E5%25AE%25BE%25E6%259C%25BA%25E5%259C%25BA%25E5%25AE%2589%25E6%25A3%2580%25E5%2591%2598%25E5%2581%25B7%25E4%25B8%25AD%25E5%259B%25BD%25E4%25B9%2598%25E5%25AE%25A2%25E9%2592%25B1%25E8%25B4%25A2%2523%26dgr%3D0%26realpos%3D44%26band_rank%3D44%26c_type%3D31%26filter_type%3Drealtimehot%26cate%3D5001%26display_time%3D1695278250%26pre_seqid%3D169527825089102357128
45,https://simg.s.weibo.com/wb_search_img_search_45.png,NIO Phone,https://m.weibo.cn/search?containerid=100103type%3D1%26t%3D10%26q%3DNIO+Phone&stream_entry_id=31&isnewpage=1&extparam=seat%3D1%26lcate%3D5001%26flag%3D0%26pos%3D44%26stream_entry_id%3D31%26q%3DNIO%2520Phone%26dgr%3D0%26realpos%3D45%26band_rank%3D45%26c_type%3D31%26filter_type%3Drealtimehot%26cate%3D5001%26display_time%3D1695278250%26pre_seqid%3D169527825089102357128
46,https://simg.s.weibo.com/wb_search_img_search_46.png,外企的管理 最顶级的PUA,https://m.weibo.cn/search?containerid=100103type%3D1%26t%3D10%26q%3D%E5%A4%96%E4%BC%81%E7%9A%84%E7%AE%A1%E7%90%86+%E6%9C%80%E9%A1%B6%E7%BA%A7%E7%9A%84PUA&stream_entry_id=31&isnewpage=1&extparam=seat%3D1%26lcate%3D5001%26flag%3D0%26pos%3D45%26stream_entry_id%3D31%26q%3D%25E5%25A4%2596%25E4%25BC%2581%25E7%259A%2584%25E7%25AE%25A1%25E7%2590%2586%2520%25E6%259C%2580%25E9%25A1%25B6%25E7%25BA%25A7%25E7%259A%2584PUA%26dgr%3D0%26realpos%3D46%26band_rank%3D46%26c_type%3D31%26filter_type%3Drealtimehot%26cate%3D5001%26display_time%3D1695278250%26pre_seqid%3D169527825089102357128
47,https://simg.s.weibo.com/wb_search_img_search_47.png,西安交大取消四六级学位证挂钩,https://m.weibo.cn/search?containerid=100103type%3D1%26t%3D10%26q%3D%23%E8%A5%BF%E5%AE%89%E4%BA%A4%E5%A4%A7%E5%8F%96%E6%B6%88%E5%9B%9B%E5%85%AD%E7%BA%A7%E5%AD%A6%E4%BD%8D%E8%AF%81%E6%8C%82%E9%92%A9%23&stream_entry_id=31&isnewpage=1&extparam=seat%3D1%26lcate%3D5001%26flag%3D0%26pos%3D46%26stream_entry_id%3D31%26q%3D%2523%25E8%25A5%25BF%25E5%25AE%2589%25E4%25BA%25A4%25E5%25A4%25A7%25E5%258F%2596%25E6%25B6%2588%25E5%259B%259B%25E5%2585%25AD%25E7%25BA%25A7%25E5%25AD%25A6%25E4%25BD%258D%25E8%25AF%2581%25E6%258C%2582%25E9%2592%25A9%2523%26dgr%3D0%26realpos%3D47%26band_rank%3D47%26c_type%3D31%26filter_type%3Drealtimehot%26cate%3D5001%26display_time%3D1695278250%26pre_seqid%3D169527825089102357128
48,https://simg.s.weibo.com/wb_search_img_search_48.png,花西子年薪63万招公关,https://m.weibo.cn/search?containerid=100103type%3D1%26t%3D10%26q%3D%23%E8%8A%B1%E8%A5%BF%E5%AD%90%E5%B9%B4%E8%96%AA63%E4%B8%87%E6%8B%9B%E5%85%AC%E5%85%B3%23&stream_entry_id=31&isnewpage=1&extparam=seat%3D1%26lcate%3D5001%26flag%3D0%26pos%3D47%26stream_entry_id%3D31%26q%3D%2523%25E8%258A%25B1%25E8%25A5%25BF%25E5%25AD%2590%25E5%25B9%25B4%25E8%2596%25AA63%25E4%25B8%2587%25E6%258B%259B%25E5%2585%25AC%25E5%2585%25B3%2523%26dgr%3D0%26realpos%3D48%26band_rank%3D48%26c_type%3D31%26filter_type%3Drealtimehot%26cate%3D5001%26display_time%3D1695278250%26pre_seqid%3D169527825089102357128
49,https://simg.s.weibo.com/wb_search_img_search_49.png,世界八大污染事件 日本独占一半,https://m.weibo.cn/search?containerid=100103type%3D1%26t%3D10%26q%3D%E4%B8%96%E7%95%8C%E5%85%AB%E5%A4%A7%E6%B1%A1%E6%9F%93%E4%BA%8B%E4%BB%B6+%E6%97%A5%E6%9C%AC%E7%8B%AC%E5%8D%A0%E4%B8%80%E5%8D%8A&stream_entry_id=31&isnewpage=1&extparam=seat%3D1%26lcate%3D5001%26flag%3D0%26pos%3D48%26stream_entry_id%3D31%26q%3D%25E4%25B8%2596%25E7%2595%258C%25E5%2585%25AB%25E5%25A4%25A7%25E6%25B1%25A1%25E6%259F%2593%25E4%25BA%258B%25E4%25BB%25B6%2520%25E6%2597%25A5%25E6%259C%25AC%25E7%258B%25AC%25E5%258D%25A0%25E4%25B8%2580%25E5%258D%258A%26dgr%3D0%26realpos%3D49%26band_rank%3D49%26c_type%3D31%26filter_type%3Drealtimehot%26cate%3D5001%26display_time%3D1695278250%26pre_seqid%3D169527825089102357128
50,https://simg.s.weibo.com/wb_search_img_search_50.png,南风知我意,https://m.weibo.cn/search?containerid=100103type%3D1%26t%3D10%26q%3D%E5%8D%97%E9%A3%8E%E7%9F%A5%E6%88%91%E6%84%8F&stream_entry_id=31&isnewpage=1&extparam=seat%3D1%26lcate%3D5001%26flag%3D0%26pos%3D49%26stream_entry_id%3D31%26q%3D%25E5%258D%2597%25E9%25A3%258E%25E7%259F%25A5%25E6%2588%2591%25E6%2584%258F%26dgr%3D0%26realpos%3D50%26band_rank%3D50%26c_type%3D31%26filter_type%3Drealtimehot%26cate%3D5001%26display_time%3D1695278250%26pre_seqid%3D169527825089102357128
