,number,title,href,picture_element
0,1,俄军击毁德国援乌坦克，发现坦克乘员都是德国联邦国防军军人，北约是否下场？这意味着什么？,https://www.zhihu.com/question/623558845,"<img loading=""lazy"" src=""https://picx.zhimg.com/80/v2-9a97af619c255c0b853ffa705ed0e16b_400x224.png?source=1940ef5c"" alt=""&#x4FC4;&#x519B;&#x51FB;&#x6BC1;&#x5FB7;&#x56FD;&#x63F4;&#x4E4C;&#x5766;&#x514B;&#xFF0C;&#x53D1;&#x73B0;&#x5766;&#x514B;&#x4E58;&#x5458;&#x90FD;&#x662F;&#x5FB7;&#x56FD;&#x8054;&#x90A6;&#x56FD;&#x9632;&#x519B;&#x519B;&#x4EBA;&#xFF0C;&#x5317;&#x7EA6;&#x662F;&#x5426;&#x4E0B;&#x573A;&#xFF1F;&#x8FD9;&#x610F;&#x5473;&#x7740;&#x4EC0;&#x4E48;&#xFF1F;""/>"
1,2,iPhone 15 和 Plus 开售破发，业内人士透露「现货还很多，基本没人抢」，哪些信息值得关注？,https://www.zhihu.com/question/623569335,"<img loading=""lazy"" src=""https://pic1.zhimg.com/80/v2-09dcfd81a27c9d0e4c294a7dc39349fb_400x224.png"" alt=""iPhone 15 &#x548C; Plus &#x5F00;&#x552E;&#x7834;&#x53D1;&#xFF0C;&#x4E1A;&#x5185;&#x4EBA;&#x58EB;&#x900F;&#x9732;&#x300C;&#x73B0;&#x8D27;&#x8FD8;&#x5F88;&#x591A;&#xFF0C;&#x57FA;&#x672C;&#x6CA1;&#x4EBA;&#x62A2;&#x300D;&#xFF0C;&#x54EA;&#x4E9B;&#x4FE1;&#x606F;&#x503C;&#x5F97;&#x5173;&#x6CE8;&#xFF1F;""/>"
2,3,《封神第一部》票房破 26 亿，评分破 8，从不被看好到口碑票房双逆袭，如何评价这一走势和成绩？,https://www.zhihu.com/question/622726761,"<img loading=""lazy"" src=""https://pic1.zhimg.com/80/v2-25e023d6274928a42fad082f3400e51c_400x224.png"" alt=""&#x300A;&#x5C01;&#x795E;&#x7B2C;&#x4E00;&#x90E8;&#x300B;&#x7968;&#x623F;&#x7834; 26 &#x4EBF;&#xFF0C;&#x8BC4;&#x5206;&#x7834; 8&#xFF0C;&#x4ECE;&#x4E0D;&#x88AB;&#x770B;&#x597D;&#x5230;&#x53E3;&#x7891;&#x7968;&#x623F;&#x53CC;&#x9006;&#x88AD;&#xFF0C;&#x5982;&#x4F55;&#x8BC4;&#x4EF7;&#x8FD9;&#x4E00;&#x8D70;&#x52BF;&#x548C;&#x6210;&#x7EE9;&#xFF1F;""/>"
3,4,杭州亚运会男足小组赛中国队 0:0 闷平孟加拉国，如何评价本场比赛？中国队淘汰赛的前景如何？,https://www.zhihu.com/question/623581256,"<img loading=""lazy"" src=""https://picx.zhimg.com/80/v2-995de09c7da1d63b38f4f97dec5d1ea2_400x224.png?source=1940ef5c"" alt=""&#x676D;&#x5DDE;&#x4E9A;&#x8FD0;&#x4F1A;&#x7537;&#x8DB3;&#x5C0F;&#x7EC4;&#x8D5B;&#x4E2D;&#x56FD;&#x961F; 0:0 &#x95F7;&#x5E73;&#x5B5F;&#x52A0;&#x62C9;&#x56FD;&#xFF0C;&#x5982;&#x4F55;&#x8BC4;&#x4EF7;&#x672C;&#x573A;&#x6BD4;&#x8D5B;&#xFF1F;&#x4E2D;&#x56FD;&#x961F;&#x6DD8;&#x6C70;&#x8D5B;&#x7684;&#x524D;&#x666F;&#x5982;&#x4F55;&#xFF1F;""/>"
4,5,速度太快，夺得首金后中国队 1 小时 5 金入账，中国代表团本届亚运会最终能夺得多少枚金牌？,https://www.zhihu.com/question/623544915,"<img loading=""lazy"" src=""https://picx.zhimg.com/80/v2-db062c5f149b6c7f00f684c1e19fd82e_400x224.png?source=1940ef5c"" alt=""&#x901F;&#x5EA6;&#x592A;&#x5FEB;&#xFF0C;&#x593A;&#x5F97;&#x9996;&#x91D1;&#x540E;&#x4E2D;&#x56FD;&#x961F; 1 &#x5C0F;&#x65F6; 5 &#x91D1;&#x5165;&#x8D26;&#xFF0C;&#x4E2D;&#x56FD;&#x4EE3;&#x8868;&#x56E2;&#x672C;&#x5C4A;&#x4E9A;&#x8FD0;&#x4F1A;&#x6700;&#x7EC8;&#x80FD;&#x593A;&#x5F97;&#x591A;&#x5C11;&#x679A;&#x91D1;&#x724C;&#xFF1F;""/>"
5,6,如何看待 AITO 问界官方回应「实力全开，无惧诋毁」？有哪些值得关注的信息？,https://www.zhihu.com/question/623282954,"<img loading=""lazy"" src=""https://pic3.zhimg.com/50/v2-444eded5ffd81a4674d2e1dcd30709ae_400x224.jpg"" alt=""&#x5982;&#x4F55;&#x770B;&#x5F85; AITO &#x95EE;&#x754C;&#x5B98;&#x65B9;&#x56DE;&#x5E94;&#x300C;&#x5B9E;&#x529B;&#x5168;&#x5F00;&#xFF0C;&#x65E0;&#x60E7;&#x8BCB;&#x6BC1;&#x300D;&#xFF1F;&#x6709;&#x54EA;&#x4E9B;&#x503C;&#x5F97;&#x5173;&#x6CE8;&#x7684;&#x4FE1;&#x606F;&#xFF1F;""/>"
6,7,如何看待「核酸大王」张核子进军预制菜市场？,https://www.zhihu.com/question/622366703,
7,8,如果给你一次重新选择工作的机会，你会选择从事什么样的工作？,https://www.zhihu.com/question/622550006,
8,9,如何评价杭州亚运会开幕式上中国代表团礼服青花瓷加牡丹的设计？你觉得如何？,https://www.zhihu.com/question/623470399,"<img loading=""lazy"" src=""https://pic4.zhimg.com/v2-6f125826036baab38b2adedf53a6c857_400x224.png"" alt=""&#x5982;&#x4F55;&#x8BC4;&#x4EF7;&#x676D;&#x5DDE;&#x4E9A;&#x8FD0;&#x4F1A;&#x5F00;&#x5E55;&#x5F0F;&#x4E0A;&#x4E2D;&#x56FD;&#x4EE3;&#x8868;&#x56E2;&#x793C;&#x670D;&#x9752;&#x82B1;&#x74F7;&#x52A0;&#x7261;&#x4E39;&#x7684;&#x8BBE;&#x8BA1;&#xFF1F;&#x4F60;&#x89C9;&#x5F97;&#x5982;&#x4F55;&#xFF1F;""/>"
9,10,上海迪士尼拍游客照片卖 118 元，大学生起诉上海迪士尼侵权，此事是否构成侵权？法律角度如何解读？,https://www.zhihu.com/question/623469561,"<img loading=""lazy"" src=""https://pica.zhimg.com/v2-f789fe5fcc0e09798ed728747a7522a4_400x224.jpg?source=1940ef5c"" alt=""&#x4E0A;&#x6D77;&#x8FEA;&#x58EB;&#x5C3C;&#x62CD;&#x6E38;&#x5BA2;&#x7167;&#x7247;&#x5356; 118 &#x5143;&#xFF0C;&#x5927;&#x5B66;&#x751F;&#x8D77;&#x8BC9;&#x4E0A;&#x6D77;&#x8FEA;&#x58EB;&#x5C3C;&#x4FB5;&#x6743;&#xFF0C;&#x6B64;&#x4E8B;&#x662F;&#x5426;&#x6784;&#x6210;&#x4FB5;&#x6743;&#xFF1F;&#x6CD5;&#x5F8B;&#x89D2;&#x5EA6;&#x5982;&#x4F55;&#x89E3;&#x8BFB;&#xFF1F;""/>"
10,11,榫卯结构那么紧实，为什么现代工业没有进行大规模应用？,https://www.zhihu.com/question/271098355,"<img loading=""lazy"" src=""https://pic2.zhimg.com/50/v2-1963b57226f2b11469aa1a6857fbf989_400x224.jpg"" alt=""&#x69AB;&#x536F;&#x7ED3;&#x6784;&#x90A3;&#x4E48;&#x7D27;&#x5B9E;&#xFF0C;&#x4E3A;&#x4EC0;&#x4E48;&#x73B0;&#x4EE3;&#x5DE5;&#x4E1A;&#x6CA1;&#x6709;&#x8FDB;&#x884C;&#x5927;&#x89C4;&#x6A21;&#x5E94;&#x7528;&#xFF1F;""/>"
11,12,为什么公司宁愿高薪招新领导，也不愿意内部提拔？,https://www.zhihu.com/question/622566930,"<img loading=""lazy"" src=""https://picx.zhimg.com/80/v2-afa4b537e65b6a2fe5666261c9243ddc_400x224.png?source=1940ef5c"" alt=""&#x4E3A;&#x4EC0;&#x4E48;&#x516C;&#x53F8;&#x5B81;&#x613F;&#x9AD8;&#x85AA;&#x62DB;&#x65B0;&#x9886;&#x5BFC;&#xFF0C;&#x4E5F;&#x4E0D;&#x613F;&#x610F;&#x5185;&#x90E8;&#x63D0;&#x62D4;&#xFF1F;""/>"
12,13,杭州必去的地标有哪些？,https://www.zhihu.com/question/622234235,"<img loading=""lazy"" src=""https://picx.zhimg.com/80/v2-bde379eab76aa25b25eb1440ebf78978_400x224.png"" alt=""&#x676D;&#x5DDE;&#x5FC5;&#x53BB;&#x7684;&#x5730;&#x6807;&#x6709;&#x54EA;&#x4E9B;&#xFF1F;""/>"
13,14,为什么现在年轻人都不到菜市场买菜了?,https://www.zhihu.com/question/615918682,"<img loading=""lazy"" src=""https://picx.zhimg.com/80/v2-338fec31e7111fe3a291ec17293098ff_400x224.png?source=1940ef5c"" alt=""&#x4E3A;&#x4EC0;&#x4E48;&#x73B0;&#x5728;&#x5E74;&#x8F7B;&#x4EBA;&#x90FD;&#x4E0D;&#x5230;&#x83DC;&#x5E02;&#x573A;&#x4E70;&#x83DC;&#x4E86;?""/>"
14,15,杭州亚运会赛艇女子轻量级双人双桨中国组合邹佳琪 / 邱秀萍夺首金，如何评价她们本场比赛的表现？,https://www.zhihu.com/question/623538467,"<img loading=""lazy"" src=""https://picx.zhimg.com/80/v2-5e48c54f110552ac17ccab5dd3584e90_400x224.png?source=1940ef5c"" alt=""&#x676D;&#x5DDE;&#x4E9A;&#x8FD0;&#x4F1A;&#x8D5B;&#x8247;&#x5973;&#x5B50;&#x8F7B;&#x91CF;&#x7EA7;&#x53CC;&#x4EBA;&#x53CC;&#x6868;&#x4E2D;&#x56FD;&#x7EC4;&#x5408;&#x90B9;&#x4F73;&#x742A; / &#x90B1;&#x79C0;&#x840D;&#x593A;&#x9996;&#x91D1;&#xFF0C;&#x5982;&#x4F55;&#x8BC4;&#x4EF7;&#x5979;&#x4EEC;&#x672C;&#x573A;&#x6BD4;&#x8D5B;&#x7684;&#x8868;&#x73B0;&#xFF1F;""/>"
15,16,微软的应用商店（Microsoft Store）为什么始终做的不温不火？,https://www.zhihu.com/question/572483329,"<img loading=""lazy"" src=""https://pic1.zhimg.com/80/v2-043b74963f8cb78fbf49f263a9a44639_400x224.png"" alt=""&#x5FAE;&#x8F6F;&#x7684;&#x5E94;&#x7528;&#x5546;&#x5E97;&#xFF08;Microsoft Store&#xFF09;&#x4E3A;&#x4EC0;&#x4E48;&#x59CB;&#x7EC8;&#x505A;&#x7684;&#x4E0D;&#x6E29;&#x4E0D;&#x706B;&#xFF1F;""/>"
16,17,中秋节快到了，你能用「只有月亮才知道」为开头写一句动人的情话吗？,https://www.zhihu.com/question/621948959,"<img loading=""lazy"" src=""https://picx.zhimg.com/80/v2-c059818daaefeb5b90f1a4b5a294f468_400x224.png?source=1940ef5c"" alt=""&#x4E2D;&#x79CB;&#x8282;&#x5FEB;&#x5230;&#x4E86;&#xFF0C;&#x4F60;&#x80FD;&#x7528;&#x300C;&#x53EA;&#x6709;&#x6708;&#x4EAE;&#x624D;&#x77E5;&#x9053;&#x300D;&#x4E3A;&#x5F00;&#x5934;&#x5199;&#x4E00;&#x53E5;&#x52A8;&#x4EBA;&#x7684;&#x60C5;&#x8BDD;&#x5417;&#xFF1F;""/>"
17,18,23-24 赛季英超曼城 2:0 诺丁汉森林，福登哈兰德建功，罗德里锁喉染红，如何评价这场比赛？,https://www.zhihu.com/question/623474763,"<img loading=""lazy"" src=""https://pic3.zhimg.com/50/v2-0ca4660dd2acbf4122d4665e961ecbce_400x224.jpg"" alt=""23-24 &#x8D5B;&#x5B63;&#x82F1;&#x8D85;&#x66FC;&#x57CE; 2:0 &#x8BFA;&#x4E01;&#x6C49;&#x68EE;&#x6797;&#xFF0C;&#x798F;&#x767B;&#x54C8;&#x5170;&#x5FB7;&#x5EFA;&#x529F;&#xFF0C;&#x7F57;&#x5FB7;&#x91CC;&#x9501;&#x5589;&#x67D3;&#x7EA2;&#xFF0C;&#x5982;&#x4F55;&#x8BC4;&#x4EF7;&#x8FD9;&#x573A;&#x6BD4;&#x8D5B;&#xFF1F;""/>"
18,19,你觉得哪些科学家错过诺贝尔奖最可惜？原因是什么？,https://www.zhihu.com/question/622723518,"<img loading=""lazy"" src=""https://pic1.zhimg.com/80/v2-fb19513d6ba33d57d61a00cff831a6d8_400x224.png?source=1940ef5c"" alt=""&#x4F60;&#x89C9;&#x5F97;&#x54EA;&#x4E9B;&#x79D1;&#x5B66;&#x5BB6;&#x9519;&#x8FC7;&#x8BFA;&#x8D1D;&#x5C14;&#x5956;&#x6700;&#x53EF;&#x60DC;&#xFF1F;&#x539F;&#x56E0;&#x662F;&#x4EC0;&#x4E48;&#xFF1F;""/>"
19,20,如何评价亚运会开幕式入场时的 BGM《我们的亚细亚》？,https://www.zhihu.com/question/623471201,"<img loading=""lazy"" src=""https://picx.zhimg.com/80/v2-e9b558c82f6169e7acc4f14dfc92e51d_400x224.png?source=1940ef5c"" alt=""&#x5982;&#x4F55;&#x8BC4;&#x4EF7;&#x4E9A;&#x8FD0;&#x4F1A;&#x5F00;&#x5E55;&#x5F0F;&#x5165;&#x573A;&#x65F6;&#x7684; BGM&#x300A;&#x6211;&#x4EEC;&#x7684;&#x4E9A;&#x7EC6;&#x4E9A;&#x300B;&#xFF1F;""/>"
20,21,郭明Z称苹果追加 iPhone 15 ProMax 订单至 3500 万部，四季度营收可期，如何解读？,https://www.zhihu.com/question/623461400,"<img loading=""lazy"" src=""https://picx.zhimg.com/bd6b19fc1_400x224.jpg?source=57bbeac9"" alt=""&#x90ED;&#x660E;&#x9324;&#x79F0;&#x82F9;&#x679C;&#x8FFD;&#x52A0; iPhone 15 ProMax &#x8BA2;&#x5355;&#x81F3; 3500 &#x4E07;&#x90E8;&#xFF0C;&#x56DB;&#x5B63;&#x5EA6;&#x8425;&#x6536;&#x53EF;&#x671F;&#xFF0C;&#x5982;&#x4F55;&#x89E3;&#x8BFB;&#xFF1F;""/>"
21,22,钻石价格下跌 35% 到 40%，俄钻石巨头停售钻石，网友称「就是智商税」，钻石的天价神话是否已落幕？,https://www.zhihu.com/question/623113066,"<img loading=""lazy"" src=""https://pic2.zhimg.com/50/v2-280418193ee9fea49bd2b81abdfce119_400x224.jpg"" alt=""&#x94BB;&#x77F3;&#x4EF7;&#x683C;&#x4E0B;&#x8DCC; 35% &#x5230; 40%&#xFF0C;&#x4FC4;&#x94BB;&#x77F3;&#x5DE8;&#x5934;&#x505C;&#x552E;&#x94BB;&#x77F3;&#xFF0C;&#x7F51;&#x53CB;&#x79F0;&#x300C;&#x5C31;&#x662F;&#x667A;&#x5546;&#x7A0E;&#x300D;&#xFF0C;&#x94BB;&#x77F3;&#x7684;&#x5929;&#x4EF7;&#x795E;&#x8BDD;&#x662F;&#x5426;&#x5DF2;&#x843D;&#x5E55;&#xFF1F;""/>"
22,23,如何看待《咒术回战》236 话五条悟战死？,https://www.zhihu.com/question/622923545,"<img loading=""lazy"" src=""https://pic1.zhimg.com/80/v2-9d9c247d40018ebe321db1c6caa19e52_400x224.png?source=1940ef5c"" alt=""&#x5982;&#x4F55;&#x770B;&#x5F85;&#x300A;&#x5492;&#x672F;&#x56DE;&#x6218;&#x300B;236 &#x8BDD;&#x4E94;&#x6761;&#x609F;&#x6218;&#x6B7B;&#xFF1F;""/>"
23,24,在空气净化的浪潮后，还有哪些引领家庭空气调节的「新趋势」让家变得「更舒适」？,https://www.zhihu.com/question/623079292,"<img loading=""lazy"" src=""https://pic4.zhimg.com/50/v2-fa78a32cc1bb2f56e334a5b9f9a99f1f_400x224.jpg"" alt=""&#x5728;&#x7A7A;&#x6C14;&#x51C0;&#x5316;&#x7684;&#x6D6A;&#x6F6E;&#x540E;&#xFF0C;&#x8FD8;&#x6709;&#x54EA;&#x4E9B;&#x5F15;&#x9886;&#x5BB6;&#x5EAD;&#x7A7A;&#x6C14;&#x8C03;&#x8282;&#x7684;&#x300C;&#x65B0;&#x8D8B;&#x52BF;&#x300D;&#x8BA9;&#x5BB6;&#x53D8;&#x5F97;&#x300C;&#x66F4;&#x8212;&#x9002;&#x300D;&#xFF1F;""/>"
24,25,你健身走过最大的弯路是什么？,https://www.zhihu.com/question/622493029,"<img loading=""lazy"" src=""https://pic1.zhimg.com/50/v2-de11d96679c09d4ac647cf277a5e68e8_400x224.jpg"" alt=""&#x4F60;&#x5065;&#x8EAB;&#x8D70;&#x8FC7;&#x6700;&#x5927;&#x7684;&#x5F2F;&#x8DEF;&#x662F;&#x4EC0;&#x4E48;&#xFF1F;""/>"
25,26,如果《让子弹飞》里面吃粉的是《崩坏：星穹铁道》各角色，会怎么样？,https://www.zhihu.com/question/622683592,"<img loading=""lazy"" src=""https://pic4.zhimg.com/50/v2-6d151e72f73837c73129624467c79ae7_400x224.jpg"" alt=""&#x5982;&#x679C;&#x300A;&#x8BA9;&#x5B50;&#x5F39;&#x98DE;&#x300B;&#x91CC;&#x9762;&#x5403;&#x7C89;&#x7684;&#x662F;&#x300A;&#x5D29;&#x574F;&#xFF1A;&#x661F;&#x7A79;&#x94C1;&#x9053;&#x300B;&#x5404;&#x89D2;&#x8272;&#xFF0C;&#x4F1A;&#x600E;&#x4E48;&#x6837;&#xFF1F;""/>"
26,27,明起存量首套房贷利率批量下调，无需申请，多家银行出台实施细则，哪些信息值得关注？,https://www.zhihu.com/question/623542037,"<img loading=""lazy"" src=""https://pic1.zhimg.com/v2-44a29c7abfb7818325fad41abc042fd9_400x224.jpg?source=1940ef5c"" alt=""&#x660E;&#x8D77;&#x5B58;&#x91CF;&#x9996;&#x5957;&#x623F;&#x8D37;&#x5229;&#x7387;&#x6279;&#x91CF;&#x4E0B;&#x8C03;&#xFF0C;&#x65E0;&#x9700;&#x7533;&#x8BF7;&#xFF0C;&#x591A;&#x5BB6;&#x94F6;&#x884C;&#x51FA;&#x53F0;&#x5B9E;&#x65BD;&#x7EC6;&#x5219;&#xFF0C;&#x54EA;&#x4E9B;&#x4FE1;&#x606F;&#x503C;&#x5F97;&#x5173;&#x6CE8;&#xFF1F;""/>"
27,28,到底是什么特征让一辆车像「网约车」？,https://www.zhihu.com/question/622746088,"<img loading=""lazy"" src=""https://pic4.zhimg.com/50/v2-0fc9b62e04582f40c1f3997dd8f350ab_400x224.jpg"" alt=""&#x5230;&#x5E95;&#x662F;&#x4EC0;&#x4E48;&#x7279;&#x5F81;&#x8BA9;&#x4E00;&#x8F86;&#x8F66;&#x50CF;&#x300C;&#x7F51;&#x7EA6;&#x8F66;&#x300D;&#xFF1F;""/>"
28,29,宁波奥运冠军汪顺，举着宁波方太产的火炬，点燃宁波大丰做的主火炬，亚运会宁波元素让你对宁波有哪些新向往？,https://www.zhihu.com/question/623549642,"<img loading=""lazy"" src=""https://picx.zhimg.com/80/v2-dc268c34519d136a32e280e2fa1693d5_400x224.png"" alt=""&#x5B81;&#x6CE2;&#x5965;&#x8FD0;&#x51A0;&#x519B;&#x6C6A;&#x987A;&#xFF0C;&#x4E3E;&#x7740;&#x5B81;&#x6CE2;&#x65B9;&#x592A;&#x4EA7;&#x7684;&#x706B;&#x70AC;&#xFF0C;&#x70B9;&#x71C3;&#x5B81;&#x6CE2;&#x5927;&#x4E30;&#x505A;&#x7684;&#x4E3B;&#x706B;&#x70AC;&#xFF0C;&#x4E9A;&#x8FD0;&#x4F1A;&#x5B81;&#x6CE2;&#x5143;&#x7D20;&#x8BA9;&#x4F60;&#x5BF9;&#x5B81;&#x6CE2;&#x6709;&#x54EA;&#x4E9B;&#x65B0;&#x5411;&#x5F80;&#xFF1F;""/>"
29,30,梅西接受采访谈巴黎「我拿到了世界杯，却是唯一没得到俱乐部认可的阿根廷球员」，如何评价他在巴黎的遭遇？,https://www.zhihu.com/question/623204278,"<img loading=""lazy"" src=""https://pic4.zhimg.com/50/v2-4bcf4206e1d03dcc798c46c5b94fcfcf_400x224.jpg"" alt=""&#x6885;&#x897F;&#x63A5;&#x53D7;&#x91C7;&#x8BBF;&#x8C08;&#x5DF4;&#x9ECE;&#x300C;&#x6211;&#x62FF;&#x5230;&#x4E86;&#x4E16;&#x754C;&#x676F;&#xFF0C;&#x5374;&#x662F;&#x552F;&#x4E00;&#x6CA1;&#x5F97;&#x5230;&#x4FF1;&#x4E50;&#x90E8;&#x8BA4;&#x53EF;&#x7684;&#x963F;&#x6839;&#x5EF7;&#x7403;&#x5458;&#x300D;&#xFF0C;&#x5982;&#x4F55;&#x8BC4;&#x4EF7;&#x4ED6;&#x5728;&#x5DF4;&#x9ECE;&#x7684;&#x906D;&#x9047;&#xFF1F;""/>"
30,31,想要兼顾性能和燃油经济性，怎么样的混动车型才是绝佳选择?,https://www.zhihu.com/question/623547614,"<img loading=""lazy"" src=""https://pic1.zhimg.com/v2-6c04da03b97fe8797afd1a85d492bcd6_400x224.jpg?source=57bbeac9"" alt=""&#x60F3;&#x8981;&#x517C;&#x987E;&#x6027;&#x80FD;&#x548C;&#x71C3;&#x6CB9;&#x7ECF;&#x6D4E;&#x6027;&#xFF0C;&#x600E;&#x4E48;&#x6837;&#x7684;&#x6DF7;&#x52A8;&#x8F66;&#x578B;&#x624D;&#x662F;&#x7EDD;&#x4F73;&#x9009;&#x62E9;?""/>"
31,32,减脂的黑咖啡应该怎么选择?,https://www.zhihu.com/question/376097604,"<img loading=""lazy"" src=""https://pic4.zhimg.com/50/v2-f7303c3166feef6db80a032074b71997_400x224.jpg"" alt=""&#x51CF;&#x8102;&#x7684;&#x9ED1;&#x5496;&#x5561;&#x5E94;&#x8BE5;&#x600E;&#x4E48;&#x9009;&#x62E9;?""/>"
32,33,如何评价派大星？,https://www.zhihu.com/question/36863216,"<img loading=""lazy"" src=""https://picx.zhimg.com/72064932064c73ec3ff3df7201389853_400x224.jpg?source=1940ef5c"" alt=""&#x5982;&#x4F55;&#x8BC4;&#x4EF7;&#x6D3E;&#x5927;&#x661F;&#xFF1F;""/>"
33,34,有没有那么一瞬间特别心疼一个人？,https://www.zhihu.com/question/435939168,"<img loading=""lazy"" src=""https://pica.zhimg.com/80/v2-799f40e2aa1f97e0763526b47810c433_400x224.png"" alt=""&#x6709;&#x6CA1;&#x6709;&#x90A3;&#x4E48;&#x4E00;&#x77AC;&#x95F4;&#x7279;&#x522B;&#x5FC3;&#x75BC;&#x4E00;&#x4E2A;&#x4EBA;&#xFF1F;""/>"
34,35,我是一个完全不打游戏的人，客观上我承认有很多游戏很棒，但是我是真的很想知道：游戏带给你的成长是什么？,https://www.zhihu.com/question/618765536,"<img loading=""lazy"" src=""https://picx.zhimg.com/80/v2-9e17e67637d3aa9a6945d643cb02b5c1_400x224.png"" alt=""&#x6211;&#x662F;&#x4E00;&#x4E2A;&#x5B8C;&#x5168;&#x4E0D;&#x6253;&#x6E38;&#x620F;&#x7684;&#x4EBA;&#xFF0C;&#x5BA2;&#x89C2;&#x4E0A;&#x6211;&#x627F;&#x8BA4;&#x6709;&#x5F88;&#x591A;&#x6E38;&#x620F;&#x5F88;&#x68D2;&#xFF0C;&#x4F46;&#x662F;&#x6211;&#x662F;&#x771F;&#x7684;&#x5F88;&#x60F3;&#x77E5;&#x9053;&#xFF1A;&#x6E38;&#x620F;&#x5E26;&#x7ED9;&#x4F60;&#x7684;&#x6210;&#x957F;&#x662F;&#x4EC0;&#x4E48;&#xFF1F;""/>"
35,36,为什么越长大就越不快乐呢？,https://www.zhihu.com/question/616246227,
36,37,日企联盟完成了对东芝的要约收购，近 150 年历史巨头最快年内退市，哪些信息值得关注？,https://www.zhihu.com/question/623540948,"<img loading=""lazy"" src=""https://pic3.zhimg.com/v2-e7040dec4f026fbd979b4de0184bcb16_400x224.png"" alt=""&#x65E5;&#x4F01;&#x8054;&#x76DF;&#x5B8C;&#x6210;&#x4E86;&#x5BF9;&#x4E1C;&#x829D;&#x7684;&#x8981;&#x7EA6;&#x6536;&#x8D2D;&#xFF0C;&#x8FD1; 150 &#x5E74;&#x5386;&#x53F2;&#x5DE8;&#x5934;&#x6700;&#x5FEB;&#x5E74;&#x5185;&#x9000;&#x5E02;&#xFF0C;&#x54EA;&#x4E9B;&#x4FE1;&#x606F;&#x503C;&#x5F97;&#x5173;&#x6CE8;&#xFF1F;""/>"
37,38,如何评价《原神》「那维莱特」角色 PV――「水中之眼」？,https://www.zhihu.com/question/623112484,"<img loading=""lazy"" src=""https://pic3.zhimg.com/50/v2-a15a505f275ae98933ccd972df066b16_400x224.jpg"" alt=""&#x5982;&#x4F55;&#x8BC4;&#x4EF7;&#x300A;&#x539F;&#x795E;&#x300B;&#x300C;&#x90A3;&#x7EF4;&#x83B1;&#x7279;&#x300D;&#x89D2;&#x8272; PV&#x2014;&#x2014;&#x300C;&#x6C34;&#x4E2D;&#x4E4B;&#x773C;&#x300D;&#xFF1F;""/>"
38,39,张志磊乔伊斯二番战，张志磊 3 回合 ko 乔伊斯，如何看待这场比赛?,https://www.zhihu.com/question/623523469,"<img loading=""lazy"" src=""https://pic1.zhimg.com/50/v2-f82f6e982df224e61d0768a80d5f5558_400x224.jpg"" alt=""&#x5F20;&#x5FD7;&#x78CA;&#x4E54;&#x4F0A;&#x65AF;&#x4E8C;&#x756A;&#x6218;&#xFF0C;&#x5F20;&#x5FD7;&#x78CA; 3 &#x56DE;&#x5408; ko &#x4E54;&#x4F0A;&#x65AF;&#xFF0C;&#x5982;&#x4F55;&#x770B;&#x5F85;&#x8FD9;&#x573A;&#x6BD4;&#x8D5B;?""/>"
39,40,律师提醒「旅游搭子」社交有风险需谨慎对待，「旅游搭子」暗藏多少陷阱？假期出行有哪些需要注意？,https://www.zhihu.com/question/623264443,
40,41,谷歌 AI 蛋白质结构预测模型 AlphaFold 获得「诺奖风向标」拉斯克奖，有望获得诺贝尔奖吗？,https://www.zhihu.com/question/623254961,"<img loading=""lazy"" src=""https://picx.zhimg.com/v2-c41d10d22173d515740c43c70f885705_400x224.jpg?source=57bbeac9"" alt=""&#x8C37;&#x6B4C; AI &#x86CB;&#x767D;&#x8D28;&#x7ED3;&#x6784;&#x9884;&#x6D4B;&#x6A21;&#x578B; AlphaFold &#x83B7;&#x5F97;&#x300C;&#x8BFA;&#x5956;&#x98CE;&#x5411;&#x6807;&#x300D;&#x62C9;&#x65AF;&#x514B;&#x5956;&#xFF0C;&#x6709;&#x671B;&#x83B7;&#x5F97;&#x8BFA;&#x8D1D;&#x5C14;&#x5956;&#x5417;&#xFF1F;""/>"
41,42,9 月 24 日亚运会有哪些看点？中国队哪些比赛值得关注？,https://www.zhihu.com/question/623537604,
42,43,如何看待大模型和 AI 搜索之间的关系和演进，生成式 AI 有哪些实际落地应用？,https://www.zhihu.com/question/623104831,"<img loading=""lazy"" src=""https://pic1.zhimg.com/50/v2-1427134c3150f04b2a008c0ca3209df4_400x224.jpg"" alt=""&#x5982;&#x4F55;&#x770B;&#x5F85;&#x5927;&#x6A21;&#x578B;&#x548C; AI &#x641C;&#x7D22;&#x4E4B;&#x95F4;&#x7684;&#x5173;&#x7CFB;&#x548C;&#x6F14;&#x8FDB;&#xFF0C;&#x751F;&#x6210;&#x5F0F; AI &#x6709;&#x54EA;&#x4E9B;&#x5B9E;&#x9645;&#x843D;&#x5730;&#x5E94;&#x7528;&#xFF1F;""/>"
43,44,男子无保护举 280 斤杠铃不慎将旁人砸骨折，有何警示？,https://www.zhihu.com/question/623302044,"<img loading=""lazy"" src=""https://pic4.zhimg.com/v2-bed03b4c72760a10e798de26d0394963_400x224.jpg"" alt=""&#x7537;&#x5B50;&#x65E0;&#x4FDD;&#x62A4;&#x4E3E; 280 &#x65A4;&#x6760;&#x94C3;&#x4E0D;&#x614E;&#x5C06;&#x65C1;&#x4EBA;&#x7838;&#x9AA8;&#x6298;&#xFF0C;&#x6709;&#x4F55;&#x8B66;&#x793A;&#xFF1F;""/>"
44,45,如何看待《披荆斩棘》第三季三公分组中张远拒绝陈楚生?,https://www.zhihu.com/question/623388637,"<img loading=""lazy"" src=""https://pica.zhimg.com/80/v2-4f318b353b6dccf401547691d3601fcd_400x224.png"" alt=""&#x5982;&#x4F55;&#x770B;&#x5F85;&#x300A;&#x62AB;&#x8346;&#x65A9;&#x68D8;&#x300B;&#x7B2C;&#x4E09;&#x5B63;&#x4E09;&#x516C;&#x5206;&#x7EC4;&#x4E2D;&#x5F20;&#x8FDC;&#x62D2;&#x7EDD;&#x9648;&#x695A;&#x751F;?""/>"
45,46,如何评价《骄阳伴我》大结局，你满意吗？,https://www.zhihu.com/question/622471284,"<img loading=""lazy"" src=""https://pic4.zhimg.com/50/v2-b5bc0179a73995e0a964c2fb0e223afb_400x224.jpg"" alt=""&#x5982;&#x4F55;&#x8BC4;&#x4EF7;&#x300A;&#x9A84;&#x9633;&#x4F34;&#x6211;&#x300B;&#x5927;&#x7ED3;&#x5C40;&#xFF0C;&#x4F60;&#x6EE1;&#x610F;&#x5417;&#xFF1F;""/>"
46,47,五条悟被腰斩了，还能活吗？,https://www.zhihu.com/question/622929456,"<img loading=""lazy"" src=""https://pic3.zhimg.com/50/v2-52434592be4c0b7a05a4d9a37e514082_400x224.jpg"" alt=""&#x4E94;&#x6761;&#x609F;&#x88AB;&#x8170;&#x65A9;&#x4E86;&#xFF0C;&#x8FD8;&#x80FD;&#x6D3B;&#x5417;&#xFF1F;""/>"
47,48,如何评价《一人之下》漫画 640（679）话？,https://www.zhihu.com/question/623216167,"<img loading=""lazy"" src=""https://pic3.zhimg.com/50/v2-3250d84c66feafbf46fda03104abd052_400x224.jpg"" alt=""&#x5982;&#x4F55;&#x8BC4;&#x4EF7;&#x300A;&#x4E00;&#x4EBA;&#x4E4B;&#x4E0B;&#x300B;&#x6F2B;&#x753B; 640&#xFF08;679&#xFF09;&#x8BDD;&#xFF1F;""/>"
48,49,如何评价由黄景瑜、张婧仪主演的电视剧《他从火光中走来》？,https://www.zhihu.com/question/622602638,"<img loading=""lazy"" src=""https://pic1.zhimg.com/80/v2-624ee59929b63482b5b225d1f528fa4a_400x224.png?source=1940ef5c"" alt=""&#x5982;&#x4F55;&#x8BC4;&#x4EF7;&#x7531;&#x9EC4;&#x666F;&#x745C;&#x3001;&#x5F20;&#x5A67;&#x4EEA;&#x4E3B;&#x6F14;&#x7684;&#x7535;&#x89C6;&#x5267;&#x300A;&#x4ED6;&#x4ECE;&#x706B;&#x5149;&#x4E2D;&#x8D70;&#x6765;&#x300B;&#xFF1F;""/>"
49,50,一个人为了目标，能疯狂努力到什么程度？,https://www.zhihu.com/question/35306101,
